"External ID","Summary","Issue Type","Parent ID","Assignee","Original Estimate","Labels"
"SUB-001","Schema/migration — Provision dev/stage/prod environments","Subtask","STY-001","DEV-BE-1","4h","sub"
"SUB-002","Implementation — Provision dev/stage/prod environments","Subtask","STY-001","DEV-BE-1","10h","sub"
"SUB-003","Unit + integration tests — Provision dev/stage/prod environments","Subtask","STY-001","DEV-BE-1","4h","sub"
"SUB-004","Schema/migration — Set up CI/CD pipeline (BE + FE)","Subtask","STY-002","DEV-BE-2","4h","sub"
"SUB-005","Implementation — Set up CI/CD pipeline (BE + FE)","Subtask","STY-002","DEV-BE-2","10h","sub"
"SUB-006","Unit + integration tests — Set up CI/CD pipeline (BE + FE)","Subtask","STY-002","DEV-BE-2","4h","sub"
"SUB-007","Component/page build — Bootstrap FE repo + design system package","Subtask","STY-003","DEV-FE-1","8h","sub"
"SUB-008","State wiring + form validation — Bootstrap FE repo + design system package","Subtask","STY-003","DEV-FE-1","4h","sub"
"SUB-009","E2E + a11y pass — Bootstrap FE repo + design system package","Subtask","STY-003","DEV-FE-1","3h","sub"
"SUB-010","Component/page build — Design system token package (colors/type/spacing)","Subtask","STY-004","DEV-FE-2","8h","sub"
"SUB-011","State wiring + form validation — Design system token package (colors/type/spacing)","Subtask","STY-004","DEV-FE-2","4h","sub"
"SUB-012","E2E + a11y pass — Design system token package (colors/type/spacing)","Subtask","STY-004","DEV-FE-2","3h","sub"
"SUB-013","Research / draft — Stakeholder interviews — Records management","Subtask","STY-007","PO","4h","sub"
"SUB-014","Review + finalize — Stakeholder interviews — Records management","Subtask","STY-007","PO","2h","sub"
"SUB-015","Research / draft — Stakeholder interviews — Org structure","Subtask","STY-008","PO","4h","sub"
"SUB-016","Review + finalize — Stakeholder interviews — Org structure","Subtask","STY-008","PO","2h","sub"
"SUB-017","Research / draft — Spike — Auth provider comparison (Auth0/Keycloak/Cognito)","Subtask","STY-009","TL","4h","sub"
"SUB-018","Review + finalize — Spike — Auth provider comparison (Auth0/Keycloak/Cognito)","Subtask","STY-009","TL","2h","sub"
"SUB-019","Research / draft — Spike — Multi-tenancy pattern selection","Subtask","STY-010","TL","4h","sub"
"SUB-020","Review + finalize — Spike — Multi-tenancy pattern selection","Subtask","STY-010","TL","2h","sub"
"SUB-021","Figma build — UX research synthesis (existing materials)","Subtask","STY-011","DES-1","10h","sub"
"SUB-022","Review + handoff — UX research synthesis (existing materials)","Subtask","STY-011","DES-1","2h","sub"
"SUB-023","Schema/migration — Data model design — Employees + audit fields","Subtask","STY-012","DEV-BE-1","4h","sub"
"SUB-024","Implementation — Data model design — Employees + audit fields","Subtask","STY-012","DEV-BE-1","10h","sub"
"SUB-025","Unit + integration tests — Data model design — Employees + audit fields","Subtask","STY-012","DEV-BE-1","4h","sub"
"SUB-026","Schema/migration — Data model design — Org structure + positions","Subtask","STY-013","DEV-BE-2","4h","sub"
"SUB-027","Implementation — Data model design — Org structure + positions","Subtask","STY-013","DEV-BE-2","10h","sub"
"SUB-028","Unit + integration tests — Data model design — Org structure + positions","Subtask","STY-013","DEV-BE-2","4h","sub"
"SUB-029","Test plan + cases — Test strategy document (M1 Phase-1)","Subtask","STY-014","QA-1","4h","sub"
"SUB-030","Automation scripts — Test strategy document (M1 Phase-1)","Subtask","STY-014","QA-1","6h","sub"
"SUB-031","Component/page build — UI architecture decision record (ADR)","Subtask","STY-015","DEV-FE-1","8h","sub"
"SUB-032","State wiring + form validation — UI architecture decision record (ADR)","Subtask","STY-015","DEV-FE-1","4h","sub"
"SUB-033","E2E + a11y pass — UI architecture decision record (ADR)","Subtask","STY-015","DEV-FE-1","3h","sub"
"SUB-034","Figma build — Master layout — high-fidelity (from approved low-fi)","Subtask","STY-016","DES-1","10h","sub"
"SUB-035","Review + handoff — Master layout — high-fidelity (from approved low-fi)","Subtask","STY-016","DES-1","2h","sub"
"SUB-036","Research / draft — Stakeholder interviews — Contracts & documents","Subtask","STY-017","PO","4h","sub"
"SUB-037","Review + finalize — Stakeholder interviews — Contracts & documents","Subtask","STY-017","PO","2h","sub"
"SUB-038","Research / draft — Stakeholder interviews — Lifecycle events","Subtask","STY-018","PO","4h","sub"
"SUB-039","Review + finalize — Stakeholder interviews — Lifecycle events","Subtask","STY-018","PO","2h","sub"
"SUB-040","Research / draft — Stakeholder interviews — M10 Sys Admin","Subtask","STY-019","PO","4h","sub"
"SUB-041","Review + finalize — Stakeholder interviews — M10 Sys Admin","Subtask","STY-019","PO","2h","sub"
"SUB-042","Schema/migration — Data model design — Contracts + documents","Subtask","STY-020","DEV-BE-1","4h","sub"
"SUB-043","Implementation — Data model design — Contracts + documents","Subtask","STY-020","DEV-BE-1","8h","sub"
"SUB-044","Unit + integration tests — Data model design — Contracts + documents","Subtask","STY-020","DEV-BE-1","4h","sub"
"SUB-045","Schema/migration — Data model design — Lifecycle events + approvals","Subtask","STY-021","DEV-BE-2","4h","sub"
"SUB-046","Implementation — Data model design — Lifecycle events + approvals","Subtask","STY-021","DEV-BE-2","8h","sub"
"SUB-047","Unit + integration tests — Data model design — Lifecycle events + approvals","Subtask","STY-021","DEV-BE-2","4h","sub"
"SUB-048","Research / draft — Integration contract — SSO (OIDC)","Subtask","STY-022","TL","4h","sub"
"SUB-049","Review + finalize — Integration contract — SSO (OIDC)","Subtask","STY-022","TL","2h","sub"
"SUB-050","Research / draft — Integration contract — Data imports (CSV/API)","Subtask","STY-023","TL","4h","sub"
"SUB-051","Review + finalize — Integration contract — Data imports (CSV/API)","Subtask","STY-023","TL","2h","sub"
"SUB-052","Figma build — Component library — Forms (inputs, selects, datepickers)","Subtask","STY-024","DES-1","10h","sub"
"SUB-053","Review + handoff — Component library — Forms (inputs, selects, datepickers)","Subtask","STY-024","DES-1","2h","sub"
"SUB-054","Figma build — Component library — Data display (tables, cards)","Subtask","STY-025","DES-1","10h","sub"
"SUB-055","Review + handoff — Component library — Data display (tables, cards)","Subtask","STY-025","DES-1","2h","sub"
"SUB-056","Figma build — M1 Employee records wireframes (list + detail + edit)","Subtask","STY-026","DES-1","10h","sub"
"SUB-057","Review + handoff — M1 Employee records wireframes (list + detail + edit)","Subtask","STY-026","DES-1","2h","sub"
"SUB-058","Figma build — M1 Org structure + Positions wireframes","Subtask","STY-027","DES-1","10h","sub"
"SUB-059","Review + handoff — M1 Org structure + Positions wireframes","Subtask","STY-027","DES-1","2h","sub"
"SUB-060","Figma build — M1 Contracts + documents wireframes","Subtask","STY-028","DES-1","10h","sub"
"SUB-061","Review + handoff — M1 Contracts + documents wireframes","Subtask","STY-028","DES-1","2h","sub"
"SUB-062","Figma build — M1 Lifecycle events + approvals wireframes","Subtask","STY-029","DES-1","10h","sub"
"SUB-063","Review + handoff — M1 Lifecycle events + approvals wireframes","Subtask","STY-029","DES-1","2h","sub"
"SUB-064","Figma build — M10 Admin wireframes","Subtask","STY-030","DES-1","10h","sub"
"SUB-065","Review + handoff — M10 Admin wireframes","Subtask","STY-030","DES-1","2h","sub"
"SUB-066","Figma build — Component library — Navigation + shell","Subtask","STY-031","DES-1","10h","sub"
"SUB-067","Review + handoff — Component library — Navigation + shell","Subtask","STY-031","DES-1","2h","sub"
"SUB-068","Test plan + cases — Test environment setup (local + stage)","Subtask","STY-032","QA-1","4h","sub"
"SUB-069","Automation scripts — Test environment setup (local + stage)","Subtask","STY-032","QA-1","6h","sub"
"SUB-070","Test plan + cases — Automation framework scaffolding","Subtask","STY-033","QA-1","4h","sub"
"SUB-071","Automation scripts — Automation framework scaffolding","Subtask","STY-033","QA-1","10h","sub"
"SUB-072","Component/page build — Shared components — Button / Input / Select","Subtask","STY-034","DEV-FE-1","10h","sub"
"SUB-073","State wiring + form validation — Shared components — Button / Input / Select","Subtask","STY-034","DEV-FE-1","4h","sub"
"SUB-074","E2E + a11y pass — Shared components — Button / Input / Select","Subtask","STY-034","DEV-FE-1","3h","sub"
"SUB-075","Component/page build — Shared components — Table / Card / Badge","Subtask","STY-035","DEV-FE-2","10h","sub"
"SUB-076","State wiring + form validation — Shared components — Table / Card / Badge","Subtask","STY-035","DEV-FE-2","4h","sub"
"SUB-077","E2E + a11y pass — Shared components — Table / Card / Badge","Subtask","STY-035","DEV-FE-2","3h","sub"
"SUB-078","Schema/migration — API convention doc + OpenAPI scaffolding","Subtask","STY-036","DEV-BE-1","4h","sub"
"SUB-079","Implementation — API convention doc + OpenAPI scaffolding","Subtask","STY-036","DEV-BE-1","8h","sub"
"SUB-080","Unit + integration tests — API convention doc + OpenAPI scaffolding","Subtask","STY-036","DEV-BE-1","4h","sub"
"SUB-081","Schema/migration — Database migration tooling + seed-data pattern","Subtask","STY-037","DEV-BE-2","4h","sub"
"SUB-082","Implementation — Database migration tooling + seed-data pattern","Subtask","STY-037","DEV-BE-2","8h","sub"
"SUB-083","Unit + integration tests — Database migration tooling + seed-data pattern","Subtask","STY-037","DEV-BE-2","4h","sub"
"SUB-084","Schema/migration — Tenancy data model + migrations","Subtask","STY-039","DEV-BE-1","4h","sub"
"SUB-085","Implementation — Tenancy data model + migrations","Subtask","STY-039","DEV-BE-1","16h","sub"
"SUB-086","Unit + integration tests — Tenancy data model + migrations","Subtask","STY-039","DEV-BE-1","4h","sub"
"SUB-087","Schema/migration — Tenant-isolation middleware + query guards","Subtask","STY-040","DEV-BE-1","4h","sub"
"SUB-088","Implementation — Tenant-isolation middleware + query guards","Subtask","STY-040","DEV-BE-1","10h","sub"
"SUB-089","Unit + integration tests — Tenant-isolation middleware + query guards","Subtask","STY-040","DEV-BE-1","4h","sub"
"SUB-090","Schema/migration — SSO integration — OIDC provider connection","Subtask","STY-041","DEV-BE-2","4h","sub"
"SUB-091","Implementation — SSO integration — OIDC provider connection","Subtask","STY-041","DEV-BE-2","16h","sub"
"SUB-092","Unit + integration tests — SSO integration — OIDC provider connection","Subtask","STY-041","DEV-BE-2","4h","sub"
"SUB-093","Schema/migration — SSO session handling + refresh tokens","Subtask","STY-042","DEV-BE-2","4h","sub"
"SUB-094","Implementation — SSO session handling + refresh tokens","Subtask","STY-042","DEV-BE-2","10h","sub"
"SUB-095","Unit + integration tests — SSO session handling + refresh tokens","Subtask","STY-042","DEV-BE-2","4h","sub"
"SUB-096","Schema/migration — RBAC schema (roles, permissions, role_permissions)","Subtask","STY-043","DEV-BE-1","4h","sub"
"SUB-097","Implementation — RBAC schema (roles, permissions, role_permissions)","Subtask","STY-043","DEV-BE-1","10h","sub"
"SUB-098","Unit + integration tests — RBAC schema (roles, permissions, role_permissions)","Subtask","STY-043","DEV-BE-1","4h","sub"
"SUB-099","Schema/migration — RBAC enforcement middleware + decorators","Subtask","STY-044","DEV-BE-2","4h","sub"
"SUB-100","Implementation — RBAC enforcement middleware + decorators","Subtask","STY-044","DEV-BE-2","10h","sub"
"SUB-101","Unit + integration tests — RBAC enforcement middleware + decorators","Subtask","STY-044","DEV-BE-2","4h","sub"
"SUB-102","Component/page build — Login screen + SSO flow","Subtask","STY-045","DEV-FE-1","10h","sub"
"SUB-103","State wiring + form validation — Login screen + SSO flow","Subtask","STY-045","DEV-FE-1","4h","sub"
"SUB-104","E2E + a11y pass — Login screen + SSO flow","Subtask","STY-045","DEV-FE-1","3h","sub"
"SUB-105","Component/page build — Tenant-aware routing + URL scheme","Subtask","STY-046","DEV-FE-1","8h","sub"
"SUB-106","State wiring + form validation — Tenant-aware routing + URL scheme","Subtask","STY-046","DEV-FE-1","4h","sub"
"SUB-107","E2E + a11y pass — Tenant-aware routing + URL scheme","Subtask","STY-046","DEV-FE-1","3h","sub"
"SUB-108","Component/page build — Session management + auto-refresh + idle logout","Subtask","STY-047","DEV-FE-2","8h","sub"
"SUB-109","State wiring + form validation — Session management + auto-refresh + idle logout","Subtask","STY-047","DEV-FE-2","4h","sub"
"SUB-110","E2E + a11y pass — Session management + auto-refresh + idle logout","Subtask","STY-047","DEV-FE-2","3h","sub"
"SUB-111","Test plan + cases — Auth + tenancy + RBAC test suite","Subtask","STY-048","QA-1","4h","sub"
"SUB-112","Automation scripts — Auth + tenancy + RBAC test suite","Subtask","STY-048","QA-1","10h","sub"
"SUB-113","Schema/migration — Audit log data model + write-path","Subtask","STY-049","DEV-BE-1","4h","sub"
"SUB-114","Implementation — Audit log data model + write-path","Subtask","STY-049","DEV-BE-1","10h","sub"
"SUB-115","Unit + integration tests — Audit log data model + write-path","Subtask","STY-049","DEV-BE-1","4h","sub"
"SUB-116","Schema/migration — Audit log query API (filters + pagination)","Subtask","STY-050","DEV-BE-1","4h","sub"
"SUB-117","Implementation — Audit log query API (filters + pagination)","Subtask","STY-050","DEV-BE-1","8h","sub"
"SUB-118","Unit + integration tests — Audit log query API (filters + pagination)","Subtask","STY-050","DEV-BE-1","4h","sub"
"SUB-119","Schema/migration — Platform config endpoints (branding, locale)","Subtask","STY-051","DEV-BE-2","4h","sub"
"SUB-120","Implementation — Platform config endpoints (branding, locale)","Subtask","STY-051","DEV-BE-2","8h","sub"
"SUB-121","Unit + integration tests — Platform config endpoints (branding, locale)","Subtask","STY-051","DEV-BE-2","4h","sub"
"SUB-122","Component/page build — App shell (header + content + footer)","Subtask","STY-052","DEV-FE-1","10h","sub"
"SUB-123","State wiring + form validation — App shell (header + content + footer)","Subtask","STY-052","DEV-FE-1","4h","sub"
"SUB-124","E2E + a11y pass — App shell (header + content + footer)","Subtask","STY-052","DEV-FE-1","3h","sub"
"SUB-125","Component/page build — Collapsible sidebar with module navigation","Subtask","STY-053","DEV-FE-2","16h","sub"
"SUB-126","State wiring + form validation — Collapsible sidebar with module navigation","Subtask","STY-053","DEV-FE-2","4h","sub"
"SUB-127","E2E + a11y pass — Collapsible sidebar with module navigation","Subtask","STY-053","DEV-FE-2","3h","sub"
"SUB-128","Component/page build — Brand tokens wired into runtime theme","Subtask","STY-054","DEV-FE-1","10h","sub"
"SUB-129","State wiring + form validation — Brand tokens wired into runtime theme","Subtask","STY-054","DEV-FE-1","4h","sub"
"SUB-130","E2E + a11y pass — Brand tokens wired into runtime theme","Subtask","STY-054","DEV-FE-1","3h","sub"
"SUB-131","Component/page build — User menu + profile dropdown + logout","Subtask","STY-055","DEV-FE-2","8h","sub"
"SUB-132","State wiring + form validation — User menu + profile dropdown + logout","Subtask","STY-055","DEV-FE-2","4h","sub"
"SUB-133","E2E + a11y pass — User menu + profile dropdown + logout","Subtask","STY-055","DEV-FE-2","3h","sub"
"SUB-134","Component/page build — Error boundaries + empty states + loading shells","Subtask","STY-056","DEV-FE-1","8h","sub"
"SUB-135","State wiring + form validation — Error boundaries + empty states + loading shells","Subtask","STY-056","DEV-FE-1","4h","sub"
"SUB-136","E2E + a11y pass — Error boundaries + empty states + loading shells","Subtask","STY-056","DEV-FE-1","3h","sub"
"SUB-137","Test plan + cases — Audit log + shell e2e + accessibility pass","Subtask","STY-057","QA-1","4h","sub"
"SUB-138","Automation scripts — Audit log + shell e2e + accessibility pass","Subtask","STY-057","QA-1","10h","sub"
"SUB-139","Schema/migration — Staging environment hardening","Subtask","STY-058","DEV-BE-2","4h","sub"
"SUB-140","Implementation — Staging environment hardening","Subtask","STY-058","DEV-BE-2","8h","sub"
"SUB-141","Unit + integration tests — Staging environment hardening","Subtask","STY-058","DEV-BE-2","4h","sub"
"SUB-142","Schema/migration — employees table + migrations + seed","Subtask","STY-059","DEV-BE-1","4h","sub"
"SUB-143","Implementation — employees table + migrations + seed","Subtask","STY-059","DEV-BE-1","10h","sub"
"SUB-144","Unit + integration tests — employees table + migrations + seed","Subtask","STY-059","DEV-BE-1","4h","sub"
"SUB-145","Schema/migration — GET /employees (list + filter + paginate + sort)","Subtask","STY-060","DEV-BE-1","4h","sub"
"SUB-146","Implementation — GET /employees (list + filter + paginate + sort)","Subtask","STY-060","DEV-BE-1","10h","sub"
"SUB-147","Unit + integration tests — GET /employees (list + filter + paginate + sort)","Subtask","STY-060","DEV-BE-1","4h","sub"
"SUB-148","Schema/migration — GET /employees/:id (full detail)","Subtask","STY-061","DEV-BE-1","4h","sub"
"SUB-149","Implementation — GET /employees/:id (full detail)","Subtask","STY-061","DEV-BE-1","8h","sub"
"SUB-150","Unit + integration tests — GET /employees/:id (full detail)","Subtask","STY-061","DEV-BE-1","4h","sub"
"SUB-151","Schema/migration — POST /employees (create + validation)","Subtask","STY-062","DEV-BE-2","4h","sub"
"SUB-152","Implementation — POST /employees (create + validation)","Subtask","STY-062","DEV-BE-2","10h","sub"
"SUB-153","Unit + integration tests — POST /employees (create + validation)","Subtask","STY-062","DEV-BE-2","4h","sub"
"SUB-154","Schema/migration — PUT /employees/:id (update + partial)","Subtask","STY-063","DEV-BE-2","4h","sub"
"SUB-155","Implementation — PUT /employees/:id (update + partial)","Subtask","STY-063","DEV-BE-2","8h","sub"
"SUB-156","Unit + integration tests — PUT /employees/:id (update + partial)","Subtask","STY-063","DEV-BE-2","4h","sub"
"SUB-157","Schema/migration — DELETE /employees/:id (soft-delete + restore)","Subtask","STY-064","DEV-BE-2","4h","sub"
"SUB-158","Implementation — DELETE /employees/:id (soft-delete + restore)","Subtask","STY-064","DEV-BE-2","8h","sub"
"SUB-159","Unit + integration tests — DELETE /employees/:id (soft-delete + restore)","Subtask","STY-064","DEV-BE-2","4h","sub"
"SUB-160","Schema/migration — Employee search (full-text)","Subtask","STY-065","DEV-BE-2","4h","sub"
"SUB-161","Implementation — Employee search (full-text)","Subtask","STY-065","DEV-BE-2","10h","sub"
"SUB-162","Unit + integration tests — Employee search (full-text)","Subtask","STY-065","DEV-BE-2","4h","sub"
"SUB-163","Component/page build — Employees list page (table + filters + search)","Subtask","STY-066","DEV-FE-1","16h","sub"
"SUB-164","State wiring + form validation — Employees list page (table + filters + search)","Subtask","STY-066","DEV-FE-1","4h","sub"
"SUB-165","E2E + a11y pass — Employees list page (table + filters + search)","Subtask","STY-066","DEV-FE-1","3h","sub"
"SUB-166","Component/page build — Employee detail page (tabs: profile, employment, docs)","Subtask","STY-067","DEV-FE-1","10h","sub"
"SUB-167","State wiring + form validation — Employee detail page (tabs: profile, employment, docs)","Subtask","STY-067","DEV-FE-1","4h","sub"
"SUB-168","E2E + a11y pass — Employee detail page (tabs: profile, employment, docs)","Subtask","STY-067","DEV-FE-1","3h","sub"
"SUB-169","Component/page build — Employee create form (multi-step wizard)","Subtask","STY-068","DEV-FE-2","16h","sub"
"SUB-170","State wiring + form validation — Employee create form (multi-step wizard)","Subtask","STY-068","DEV-FE-2","4h","sub"
"SUB-171","E2E + a11y pass — Employee create form (multi-step wizard)","Subtask","STY-068","DEV-FE-2","3h","sub"
"SUB-172","Component/page build — Employee edit form + inline-edit where appropriate","Subtask","STY-069","DEV-FE-2","10h","sub"
"SUB-173","State wiring + form validation — Employee edit form + inline-edit where appropriate","Subtask","STY-069","DEV-FE-2","4h","sub"
"SUB-174","E2E + a11y pass — Employee edit form + inline-edit where appropriate","Subtask","STY-069","DEV-FE-2","3h","sub"
"SUB-175","Component/page build — Employee profile header component","Subtask","STY-070","DEV-FE-2","8h","sub"
"SUB-176","State wiring + form validation — Employee profile header component","Subtask","STY-070","DEV-FE-2","4h","sub"
"SUB-177","E2E + a11y pass — Employee profile header component","Subtask","STY-070","DEV-FE-2","3h","sub"
"SUB-178","Test plan + cases — Employee CRUD test cases + automation","Subtask","STY-071","QA-1","4h","sub"
"SUB-179","Automation scripts — Employee CRUD test cases + automation","Subtask","STY-071","QA-1","10h","sub"
"SUB-180","Test plan + cases — Employee search + filter test cases","Subtask","STY-072","QA-1","4h","sub"
"SUB-181","Automation scripts — Employee search + filter test cases","Subtask","STY-072","QA-1","6h","sub"
"SUB-182","Schema/migration — org_units table + migrations + tree queries","Subtask","STY-073","DEV-BE-1","4h","sub"
"SUB-183","Implementation — org_units table + migrations + tree queries","Subtask","STY-073","DEV-BE-1","10h","sub"
"SUB-184","Unit + integration tests — org_units table + migrations + tree queries","Subtask","STY-073","DEV-BE-1","4h","sub"
"SUB-185","Schema/migration — Org units CRUD API","Subtask","STY-074","DEV-BE-1","4h","sub"
"SUB-186","Implementation — Org units CRUD API","Subtask","STY-074","DEV-BE-1","10h","sub"
"SUB-187","Unit + integration tests — Org units CRUD API","Subtask","STY-074","DEV-BE-1","4h","sub"
"SUB-188","Schema/migration — Org tree query endpoint (full + subtree)","Subtask","STY-075","DEV-BE-1","4h","sub"
"SUB-189","Implementation — Org tree query endpoint (full + subtree)","Subtask","STY-075","DEV-BE-1","10h","sub"
"SUB-190","Unit + integration tests — Org tree query endpoint (full + subtree)","Subtask","STY-075","DEV-BE-1","4h","sub"
"SUB-191","Schema/migration — positions table + CRUD API","Subtask","STY-076","DEV-BE-2","4h","sub"
"SUB-192","Implementation — positions table + CRUD API","Subtask","STY-076","DEV-BE-2","10h","sub"
"SUB-193","Unit + integration tests — positions table + CRUD API","Subtask","STY-076","DEV-BE-2","4h","sub"
"SUB-194","Schema/migration — Position assignment API","Subtask","STY-077","DEV-BE-2","4h","sub"
"SUB-195","Implementation — Position assignment API","Subtask","STY-077","DEV-BE-2","10h","sub"
"SUB-196","Unit + integration tests — Position assignment API","Subtask","STY-077","DEV-BE-2","4h","sub"
"SUB-197","Schema/migration — Reporting-line query endpoint","Subtask","STY-078","DEV-BE-2","4h","sub"
"SUB-198","Implementation — Reporting-line query endpoint","Subtask","STY-078","DEV-BE-2","8h","sub"
"SUB-199","Unit + integration tests — Reporting-line query endpoint","Subtask","STY-078","DEV-BE-2","4h","sub"
"SUB-200","Component/page build — Org chart visualization (interactive)","Subtask","STY-079","DEV-FE-1","16h","sub"
"SUB-201","State wiring + form validation — Org chart visualization (interactive)","Subtask","STY-079","DEV-FE-1","4h","sub"
"SUB-202","E2E + a11y pass — Org chart visualization (interactive)","Subtask","STY-079","DEV-FE-1","3h","sub"
"SUB-203","Component/page build — Org unit create/edit form + move dialog","Subtask","STY-080","DEV-FE-1","10h","sub"
"SUB-204","State wiring + form validation — Org unit create/edit form + move dialog","Subtask","STY-080","DEV-FE-1","4h","sub"
"SUB-205","E2E + a11y pass — Org unit create/edit form + move dialog","Subtask","STY-080","DEV-FE-1","3h","sub"
"SUB-206","Component/page build — Positions list + detail pages","Subtask","STY-081","DEV-FE-2","10h","sub"
"SUB-207","State wiring + form validation — Positions list + detail pages","Subtask","STY-081","DEV-FE-2","4h","sub"
"SUB-208","E2E + a11y pass — Positions list + detail pages","Subtask","STY-081","DEV-FE-2","3h","sub"
"SUB-209","Component/page build — Position assignment UI (assign / unassign)","Subtask","STY-082","DEV-FE-2","10h","sub"
"SUB-210","State wiring + form validation — Position assignment UI (assign / unassign)","Subtask","STY-082","DEV-FE-2","4h","sub"
"SUB-211","E2E + a11y pass — Position assignment UI (assign / unassign)","Subtask","STY-082","DEV-FE-2","3h","sub"
"SUB-212","Component/page build — Org unit picker component (shared)","Subtask","STY-083","DEV-FE-2","10h","sub"
"SUB-213","State wiring + form validation — Org unit picker component (shared)","Subtask","STY-083","DEV-FE-2","4h","sub"
"SUB-214","E2E + a11y pass — Org unit picker component (shared)","Subtask","STY-083","DEV-FE-2","3h","sub"
"SUB-215","Test plan + cases — Org structure + positions test cases","Subtask","STY-084","QA-1","4h","sub"
"SUB-216","Automation scripts — Org structure + positions test cases","Subtask","STY-084","QA-1","10h","sub"
"SUB-217","Schema/migration — contracts + contract_versions tables + migrations","Subtask","STY-085","DEV-BE-1","4h","sub"
"SUB-218","Implementation — contracts + contract_versions tables + migrations","Subtask","STY-085","DEV-BE-1","10h","sub"
"SUB-219","Unit + integration tests — contracts + contract_versions tables + migrations","Subtask","STY-085","DEV-BE-1","4h","sub"
"SUB-220","Schema/migration — Contracts CRUD API","Subtask","STY-086","DEV-BE-1","4h","sub"
"SUB-221","Implementation — Contracts CRUD API","Subtask","STY-086","DEV-BE-1","10h","sub"
"SUB-222","Unit + integration tests — Contracts CRUD API","Subtask","STY-086","DEV-BE-1","4h","sub"
"SUB-223","Schema/migration — Contract lifecycle state machine","Subtask","STY-087","DEV-BE-1","4h","sub"
"SUB-224","Implementation — Contract lifecycle state machine","Subtask","STY-087","DEV-BE-1","10h","sub"
"SUB-225","Unit + integration tests — Contract lifecycle state machine","Subtask","STY-087","DEV-BE-1","4h","sub"
"SUB-226","Schema/migration — documents + document_acl tables + S3 bucket","Subtask","STY-088","DEV-BE-2","4h","sub"
"SUB-227","Implementation — documents + document_acl tables + S3 bucket","Subtask","STY-088","DEV-BE-2","10h","sub"
"SUB-228","Unit + integration tests — documents + document_acl tables + S3 bucket","Subtask","STY-088","DEV-BE-2","4h","sub"
"SUB-229","Schema/migration — Document upload (signed-URL + virus-scan)","Subtask","STY-089","DEV-BE-2","4h","sub"
"SUB-230","Implementation — Document upload (signed-URL + virus-scan)","Subtask","STY-089","DEV-BE-2","10h","sub"
"SUB-231","Unit + integration tests — Document upload (signed-URL + virus-scan)","Subtask","STY-089","DEV-BE-2","4h","sub"
"SUB-232","Schema/migration — Document download/metadata endpoint","Subtask","STY-090","DEV-BE-2","4h","sub"
"SUB-233","Implementation — Document download/metadata endpoint","Subtask","STY-090","DEV-BE-2","8h","sub"
"SUB-234","Unit + integration tests — Document download/metadata endpoint","Subtask","STY-090","DEV-BE-2","4h","sub"
"SUB-235","Component/page build — Contracts list + detail pages","Subtask","STY-091","DEV-FE-1","10h","sub"
"SUB-236","State wiring + form validation — Contracts list + detail pages","Subtask","STY-091","DEV-FE-1","4h","sub"
"SUB-237","E2E + a11y pass — Contracts list + detail pages","Subtask","STY-091","DEV-FE-1","3h","sub"
"SUB-238","Component/page build — Contract create/edit form","Subtask","STY-092","DEV-FE-1","10h","sub"
"SUB-239","State wiring + form validation — Contract create/edit form","Subtask","STY-092","DEV-FE-1","4h","sub"
"SUB-240","E2E + a11y pass — Contract create/edit form","Subtask","STY-092","DEV-FE-1","3h","sub"
"SUB-241","Component/page build — Contract lifecycle actions (renew / terminate / sign)","Subtask","STY-093","DEV-FE-1","10h","sub"
"SUB-242","State wiring + form validation — Contract lifecycle actions (renew / terminate / sign)","Subtask","STY-093","DEV-FE-1","4h","sub"
"SUB-243","E2E + a11y pass — Contract lifecycle actions (renew / terminate / sign)","Subtask","STY-093","DEV-FE-1","3h","sub"
"SUB-244","Component/page build — Documents vault page (per employee)","Subtask","STY-094","DEV-FE-2","10h","sub"
"SUB-245","State wiring + form validation — Documents vault page (per employee)","Subtask","STY-094","DEV-FE-2","4h","sub"
"SUB-246","E2E + a11y pass — Documents vault page (per employee)","Subtask","STY-094","DEV-FE-2","3h","sub"
"SUB-247","Component/page build — Document upload widget (drag-drop + progress)","Subtask","STY-095","DEV-FE-2","10h","sub"
"SUB-248","State wiring + form validation — Document upload widget (drag-drop + progress)","Subtask","STY-095","DEV-FE-2","4h","sub"
"SUB-249","E2E + a11y pass — Document upload widget (drag-drop + progress)","Subtask","STY-095","DEV-FE-2","3h","sub"
"SUB-250","Component/page build — Document viewer (PDF preview modal)","Subtask","STY-096","DEV-FE-2","10h","sub"
"SUB-251","State wiring + form validation — Document viewer (PDF preview modal)","Subtask","STY-096","DEV-FE-2","4h","sub"
"SUB-252","E2E + a11y pass — Document viewer (PDF preview modal)","Subtask","STY-096","DEV-FE-2","3h","sub"
"SUB-253","Test plan + cases — Contracts + documents test cases","Subtask","STY-097","QA-1","4h","sub"
"SUB-254","Automation scripts — Contracts + documents test cases","Subtask","STY-097","QA-1","10h","sub"
"SUB-255","Schema/migration — lifecycle_events table + API (hire/promote/transfer/terminat","Subtask","STY-098","DEV-BE-1","4h","sub"
"SUB-256","Implementation — lifecycle_events table + API (hire/promote/transfer/terminat","Subtask","STY-098","DEV-BE-1","10h","sub"
"SUB-257","Unit + integration tests — lifecycle_events table + API (hire/promote/transfer/terminat","Subtask","STY-098","DEV-BE-1","4h","sub"
"SUB-258","Schema/migration — Approvals data model (workflows, steps, history)","Subtask","STY-099","DEV-BE-2","4h","sub"
"SUB-259","Implementation — Approvals data model (workflows, steps, history)","Subtask","STY-099","DEV-BE-2","10h","sub"
"SUB-260","Unit + integration tests — Approvals data model (workflows, steps, history)","Subtask","STY-099","DEV-BE-2","4h","sub"
"SUB-261","Schema/migration — Approval engine — state transitions","Subtask","STY-100","DEV-BE-1","4h","sub"
"SUB-262","Implementation — Approval engine — state transitions","Subtask","STY-100","DEV-BE-1","16h","sub"
"SUB-263","Unit + integration tests — Approval engine — state transitions","Subtask","STY-100","DEV-BE-1","4h","sub"
"SUB-264","Schema/migration — Notifications service + email templates","Subtask","STY-101","DEV-BE-2","4h","sub"
"SUB-265","Implementation — Notifications service + email templates","Subtask","STY-101","DEV-BE-2","10h","sub"
"SUB-266","Unit + integration tests — Notifications service + email templates","Subtask","STY-101","DEV-BE-2","4h","sub"
"SUB-267","Schema/migration — Approval audit trail + SLA metrics","Subtask","STY-102","DEV-BE-2","4h","sub"
"SUB-268","Implementation — Approval audit trail + SLA metrics","Subtask","STY-102","DEV-BE-2","8h","sub"
"SUB-269","Unit + integration tests — Approval audit trail + SLA metrics","Subtask","STY-102","DEV-BE-2","4h","sub"
"SUB-270","Component/page build — Lifecycle event timeline component","Subtask","STY-103","DEV-FE-1","10h","sub"
"SUB-271","State wiring + form validation — Lifecycle event timeline component","Subtask","STY-103","DEV-FE-1","4h","sub"
"SUB-272","E2E + a11y pass — Lifecycle event timeline component","Subtask","STY-103","DEV-FE-1","3h","sub"
"SUB-273","Component/page build — Lifecycle event create wizard (promote/transfer)","Subtask","STY-104","DEV-FE-1","16h","sub"
"SUB-274","State wiring + form validation — Lifecycle event create wizard (promote/transfer)","Subtask","STY-104","DEV-FE-1","4h","sub"
"SUB-275","E2E + a11y pass — Lifecycle event create wizard (promote/transfer)","Subtask","STY-104","DEV-FE-1","3h","sub"
"SUB-276","Component/page build — Approvals inbox page (pending + completed)","Subtask","STY-105","DEV-FE-2","10h","sub"
"SUB-277","State wiring + form validation — Approvals inbox page (pending + completed)","Subtask","STY-105","DEV-FE-2","4h","sub"
"SUB-278","E2E + a11y pass — Approvals inbox page (pending + completed)","Subtask","STY-105","DEV-FE-2","3h","sub"
"SUB-279","Component/page build — Approval detail page + approve/reject action","Subtask","STY-106","DEV-FE-2","10h","sub"
"SUB-280","State wiring + form validation — Approval detail page + approve/reject action","Subtask","STY-106","DEV-FE-2","4h","sub"
"SUB-281","E2E + a11y pass — Approval detail page + approve/reject action","Subtask","STY-106","DEV-FE-2","3h","sub"
"SUB-282","Component/page build — Notifications UI (bell icon + dropdown + mark-read)","Subtask","STY-107","DEV-FE-2","8h","sub"
"SUB-283","State wiring + form validation — Notifications UI (bell icon + dropdown + mark-read)","Subtask","STY-107","DEV-FE-2","4h","sub"
"SUB-284","E2E + a11y pass — Notifications UI (bell icon + dropdown + mark-read)","Subtask","STY-107","DEV-FE-2","3h","sub"
"SUB-285","Test plan + cases — Lifecycle events test cases","Subtask","STY-108","QA-1","4h","sub"
"SUB-286","Automation scripts — Lifecycle events test cases","Subtask","STY-108","QA-1","10h","sub"
"SUB-287","Test plan + cases — Approvals test cases + SLA scenarios","Subtask","STY-109","QA-1","4h","sub"
"SUB-288","Automation scripts — Approvals test cases + SLA scenarios","Subtask","STY-109","QA-1","8h","sub"
"SUB-289","Schema/migration — Query performance tuning + indexes review","Subtask","STY-110","DEV-BE-1","4h","sub"
"SUB-290","Implementation — Query performance tuning + indexes review","Subtask","STY-110","DEV-BE-1","10h","sub"
"SUB-291","Unit + integration tests — Query performance tuning + indexes review","Subtask","STY-110","DEV-BE-1","4h","sub"
"SUB-292","Schema/migration — API rate limiting + throttling per tenant","Subtask","STY-111","DEV-BE-1","4h","sub"
"SUB-293","Implementation — API rate limiting + throttling per tenant","Subtask","STY-111","DEV-BE-1","8h","sub"
"SUB-294","Unit + integration tests — API rate limiting + throttling per tenant","Subtask","STY-111","DEV-BE-1","4h","sub"
"SUB-295","Schema/migration — Bulk import API (employees CSV)","Subtask","STY-112","DEV-BE-2","4h","sub"
"SUB-296","Implementation — Bulk import API (employees CSV)","Subtask","STY-112","DEV-BE-2","10h","sub"
"SUB-297","Unit + integration tests — Bulk import API (employees CSV)","Subtask","STY-112","DEV-BE-2","4h","sub"
"SUB-298","Schema/migration — Export API (employees, contracts, org)","Subtask","STY-113","DEV-BE-2","4h","sub"
"SUB-299","Implementation — Export API (employees, contracts, org)","Subtask","STY-113","DEV-BE-2","8h","sub"
"SUB-300","Unit + integration tests — Export API (employees, contracts, org)","Subtask","STY-113","DEV-BE-2","4h","sub"
"SUB-301","Schema/migration — M10 admin scaffolding (users, roles, permissions routes)","Subtask","STY-114","DEV-BE-2","4h","sub"
"SUB-302","Implementation — M10 admin scaffolding (users, roles, permissions routes)","Subtask","STY-114","DEV-BE-2","10h","sub"
"SUB-303","Unit + integration tests — M10 admin scaffolding (users, roles, permissions routes)","Subtask","STY-114","DEV-BE-2","4h","sub"
"SUB-304","Component/page build — Bulk import wizard UI (upload → map → validate → commit)","Subtask","STY-115","DEV-FE-1","10h","sub"
"SUB-305","State wiring + form validation — Bulk import wizard UI (upload → map → validate → commit)","Subtask","STY-115","DEV-FE-1","4h","sub"
"SUB-306","E2E + a11y pass — Bulk import wizard UI (upload → map → validate → commit)","Subtask","STY-115","DEV-FE-1","3h","sub"
"SUB-307","Component/page build — Export UI (field selector + format picker)","Subtask","STY-116","DEV-FE-1","10h","sub"
"SUB-308","State wiring + form validation — Export UI (field selector + format picker)","Subtask","STY-116","DEV-FE-1","4h","sub"
"SUB-309","E2E + a11y pass — Export UI (field selector + format picker)","Subtask","STY-116","DEV-FE-1","3h","sub"
"SUB-310","Component/page build — Employee profile enhancements (avatar upload + photo crop)","Subtask","STY-117","DEV-FE-2","10h","sub"
"SUB-311","State wiring + form validation — Employee profile enhancements (avatar upload + photo crop)","Subtask","STY-117","DEV-FE-2","4h","sub"
"SUB-312","E2E + a11y pass — Employee profile enhancements (avatar upload + photo crop)","Subtask","STY-117","DEV-FE-2","3h","sub"
"SUB-313","Component/page build — Advanced search + saved filters","Subtask","STY-118","DEV-FE-2","10h","sub"
"SUB-314","State wiring + form validation — Advanced search + saved filters","Subtask","STY-118","DEV-FE-2","4h","sub"
"SUB-315","E2E + a11y pass — Advanced search + saved filters","Subtask","STY-118","DEV-FE-2","3h","sub"
"SUB-316","Component/page build — Home dashboard widgets (stats + recent events)","Subtask","STY-119","DEV-FE-1","10h","sub"
"SUB-317","State wiring + form validation — Home dashboard widgets (stats + recent events)","Subtask","STY-119","DEV-FE-1","4h","sub"
"SUB-318","E2E + a11y pass — Home dashboard widgets (stats + recent events)","Subtask","STY-119","DEV-FE-1","3h","sub"
"SUB-319","Component/page build — M10 admin shell scaffolding (routes + empty pages)","Subtask","STY-120","DEV-FE-2","8h","sub"
"SUB-320","State wiring + form validation — M10 admin shell scaffolding (routes + empty pages)","Subtask","STY-120","DEV-FE-2","4h","sub"
"SUB-321","E2E + a11y pass — M10 admin shell scaffolding (routes + empty pages)","Subtask","STY-120","DEV-FE-2","3h","sub"
"SUB-322","Test plan + cases — M1 full regression test suite + automation run","Subtask","STY-121","QA-1","4h","sub"
"SUB-323","Automation scripts — M1 full regression test suite + automation run","Subtask","STY-121","QA-1","16h","sub"
"SUB-324","Test plan + cases — Performance test baseline (k6 scenarios)","Subtask","STY-122","QA-1","4h","sub"
"SUB-325","Automation scripts — Performance test baseline (k6 scenarios)","Subtask","STY-122","QA-1","10h","sub"
"SUB-326","Figma build — M1 visual QA pass + polish tickets","Subtask","STY-123","DES-1","6h","sub"
"SUB-327","Review + handoff — M1 visual QA pass + polish tickets","Subtask","STY-123","DES-1","2h","sub"
"SUB-328","Schema/migration — Users admin CRUD API (invite/activate/deactivate)","Subtask","STY-124","DEV-BE-1","4h","sub"
"SUB-329","Implementation — Users admin CRUD API (invite/activate/deactivate)","Subtask","STY-124","DEV-BE-1","10h","sub"
"SUB-330","Unit + integration tests — Users admin CRUD API (invite/activate/deactivate)","Subtask","STY-124","DEV-BE-1","4h","sub"
"SUB-331","Schema/migration — Roles CRUD API + default roles seed","Subtask","STY-125","DEV-BE-1","4h","sub"
"SUB-332","Implementation — Roles CRUD API + default roles seed","Subtask","STY-125","DEV-BE-1","10h","sub"
"SUB-333","Unit + integration tests — Roles CRUD API + default roles seed","Subtask","STY-125","DEV-BE-1","4h","sub"
"SUB-334","Schema/migration — Permissions matrix API (permissions × roles)","Subtask","STY-126","DEV-BE-1","4h","sub"
"SUB-335","Implementation — Permissions matrix API (permissions × roles)","Subtask","STY-126","DEV-BE-1","10h","sub"
"SUB-336","Unit + integration tests — Permissions matrix API (permissions × roles)","Subtask","STY-126","DEV-BE-1","4h","sub"
"SUB-337","Schema/migration — User-role assignment API (multi-role)","Subtask","STY-127","DEV-BE-2","4h","sub"
"SUB-338","Implementation — User-role assignment API (multi-role)","Subtask","STY-127","DEV-BE-2","8h","sub"
"SUB-339","Unit + integration tests — User-role assignment API (multi-role)","Subtask","STY-127","DEV-BE-2","4h","sub"
"SUB-340","Component/page build — Users admin list + detail pages","Subtask","STY-128","DEV-FE-1","10h","sub"
"SUB-341","State wiring + form validation — Users admin list + detail pages","Subtask","STY-128","DEV-FE-1","4h","sub"
"SUB-342","E2E + a11y pass — Users admin list + detail pages","Subtask","STY-128","DEV-FE-1","3h","sub"
"SUB-343","Component/page build — Role editor (permissions matrix UI)","Subtask","STY-129","DEV-FE-1","16h","sub"
"SUB-344","State wiring + form validation — Role editor (permissions matrix UI)","Subtask","STY-129","DEV-FE-1","4h","sub"
"SUB-345","E2E + a11y pass — Role editor (permissions matrix UI)","Subtask","STY-129","DEV-FE-1","3h","sub"
"SUB-346","Component/page build — User create/edit form + invite flow","Subtask","STY-130","DEV-FE-2","10h","sub"
"SUB-347","State wiring + form validation — User create/edit form + invite flow","Subtask","STY-130","DEV-FE-2","4h","sub"
"SUB-348","E2E + a11y pass — User create/edit form + invite flow","Subtask","STY-130","DEV-FE-2","3h","sub"
"SUB-349","Test plan + cases — Users/Roles/Permissions test cases","Subtask","STY-131","QA-1","4h","sub"
"SUB-350","Automation scripts — Users/Roles/Permissions test cases","Subtask","STY-131","QA-1","10h","sub"
"SUB-351","Test plan + cases — Permission enforcement across M1 endpoints","Subtask","STY-132","QA-1","4h","sub"
"SUB-352","Automation scripts — Permission enforcement across M1 endpoints","Subtask","STY-132","QA-1","8h","sub"
"SUB-353","Schema/migration — Tenant config endpoints (branding, locale, policies)","Subtask","STY-133","DEV-BE-1","4h","sub"
"SUB-354","Implementation — Tenant config endpoints (branding, locale, policies)","Subtask","STY-133","DEV-BE-1","10h","sub"
"SUB-355","Unit + integration tests — Tenant config endpoints (branding, locale, policies)","Subtask","STY-133","DEV-BE-1","4h","sub"
"SUB-356","Schema/migration — Org chart bulk-edit API (reorder + bulk-move)","Subtask","STY-134","DEV-BE-1","4h","sub"
"SUB-357","Implementation — Org chart bulk-edit API (reorder + bulk-move)","Subtask","STY-134","DEV-BE-1","10h","sub"
"SUB-358","Unit + integration tests — Org chart bulk-edit API (reorder + bulk-move)","Subtask","STY-134","DEV-BE-1","4h","sub"
"SUB-359","Schema/migration — Holiday calendar management API","Subtask","STY-135","DEV-BE-2","4h","sub"
"SUB-360","Implementation — Holiday calendar management API","Subtask","STY-135","DEV-BE-2","8h","sub"
"SUB-361","Unit + integration tests — Holiday calendar management API","Subtask","STY-135","DEV-BE-2","4h","sub"
"SUB-362","Schema/migration — Notification template management API","Subtask","STY-136","DEV-BE-2","4h","sub"
"SUB-363","Implementation — Notification template management API","Subtask","STY-136","DEV-BE-2","8h","sub"
"SUB-364","Unit + integration tests — Notification template management API","Subtask","STY-136","DEV-BE-2","4h","sub"
"SUB-365","Component/page build — Tenant settings page (branding + locale + policies)","Subtask","STY-137","DEV-FE-2","16h","sub"
"SUB-366","State wiring + form validation — Tenant settings page (branding + locale + policies)","Subtask","STY-137","DEV-FE-2","4h","sub"
"SUB-367","E2E + a11y pass — Tenant settings page (branding + locale + policies)","Subtask","STY-137","DEV-FE-2","3h","sub"
"SUB-368","Component/page build — Org chart admin UI (bulk edit + dry-run preview)","Subtask","STY-138","DEV-FE-1","16h","sub"
"SUB-369","State wiring + form validation — Org chart admin UI (bulk edit + dry-run preview)","Subtask","STY-138","DEV-FE-1","4h","sub"
"SUB-370","E2E + a11y pass — Org chart admin UI (bulk edit + dry-run preview)","Subtask","STY-138","DEV-FE-1","3h","sub"
"SUB-371","Component/page build — Holiday calendar admin UI","Subtask","STY-139","DEV-FE-1","10h","sub"
"SUB-372","State wiring + form validation — Holiday calendar admin UI","Subtask","STY-139","DEV-FE-1","4h","sub"
"SUB-373","E2E + a11y pass — Holiday calendar admin UI","Subtask","STY-139","DEV-FE-1","3h","sub"
"SUB-374","Component/page build — Notification template editor (with variable picker)","Subtask","STY-140","DEV-FE-2","10h","sub"
"SUB-375","State wiring + form validation — Notification template editor (with variable picker)","Subtask","STY-140","DEV-FE-2","4h","sub"
"SUB-376","E2E + a11y pass — Notification template editor (with variable picker)","Subtask","STY-140","DEV-FE-2","3h","sub"
"SUB-377","Test plan + cases — Tenant config + org admin test cases","Subtask","STY-141","QA-1","4h","sub"
"SUB-378","Automation scripts — Tenant config + org admin test cases","Subtask","STY-141","QA-1","6h","sub"
"SUB-379","Schema/migration — Audit log search + filter + full-text API","Subtask","STY-142","DEV-BE-1","4h","sub"
"SUB-380","Implementation — Audit log search + filter + full-text API","Subtask","STY-142","DEV-BE-1","10h","sub"
"SUB-381","Unit + integration tests — Audit log search + filter + full-text API","Subtask","STY-142","DEV-BE-1","4h","sub"
"SUB-382","Schema/migration — Audit log export API (CSV streaming)","Subtask","STY-143","DEV-BE-1","4h","sub"
"SUB-383","Implementation — Audit log export API (CSV streaming)","Subtask","STY-143","DEV-BE-1","8h","sub"
"SUB-384","Unit + integration tests — Audit log export API (CSV streaming)","Subtask","STY-143","DEV-BE-1","4h","sub"
"SUB-385","Schema/migration — Integration registry API (configured integrations)","Subtask","STY-144","DEV-BE-2","4h","sub"
"SUB-386","Implementation — Integration registry API (configured integrations)","Subtask","STY-144","DEV-BE-2","10h","sub"
"SUB-387","Unit + integration tests — Integration registry API (configured integrations)","Subtask","STY-144","DEV-BE-2","4h","sub"
"SUB-388","Schema/migration — Webhook configuration API + dispatcher","Subtask","STY-145","DEV-BE-2","4h","sub"
"SUB-389","Implementation — Webhook configuration API + dispatcher","Subtask","STY-145","DEV-BE-2","8h","sub"
"SUB-390","Unit + integration tests — Webhook configuration API + dispatcher","Subtask","STY-145","DEV-BE-2","4h","sub"
"SUB-391","Schema/migration — API token management (create/revoke/rotate)","Subtask","STY-146","DEV-BE-1","4h","sub"
"SUB-392","Implementation — API token management (create/revoke/rotate)","Subtask","STY-146","DEV-BE-1","10h","sub"
"SUB-393","Unit + integration tests — API token management (create/revoke/rotate)","Subtask","STY-146","DEV-BE-1","4h","sub"
"SUB-394","Component/page build — Audit log dashboard (filters + timeline + drill-down)","Subtask","STY-147","DEV-FE-1","16h","sub"
"SUB-395","State wiring + form validation — Audit log dashboard (filters + timeline + drill-down)","Subtask","STY-147","DEV-FE-1","4h","sub"
"SUB-396","E2E + a11y pass — Audit log dashboard (filters + timeline + drill-down)","Subtask","STY-147","DEV-FE-1","3h","sub"
"SUB-397","Component/page build — Integrations config page","Subtask","STY-148","DEV-FE-1","10h","sub"
"SUB-398","State wiring + form validation — Integrations config page","Subtask","STY-148","DEV-FE-1","4h","sub"
"SUB-399","E2E + a11y pass — Integrations config page","Subtask","STY-148","DEV-FE-1","3h","sub"
"SUB-400","Component/page build — Webhook configuration UI","Subtask","STY-149","DEV-FE-2","10h","sub"
"SUB-401","State wiring + form validation — Webhook configuration UI","Subtask","STY-149","DEV-FE-2","4h","sub"
"SUB-402","E2E + a11y pass — Webhook configuration UI","Subtask","STY-149","DEV-FE-2","3h","sub"
"SUB-403","Component/page build — API token management UI","Subtask","STY-150","DEV-FE-2","8h","sub"
"SUB-404","State wiring + form validation — API token management UI","Subtask","STY-150","DEV-FE-2","4h","sub"
"SUB-405","E2E + a11y pass — API token management UI","Subtask","STY-150","DEV-FE-2","3h","sub"
"SUB-406","Test plan + cases — Audit + integrations + webhooks test cases","Subtask","STY-151","QA-1","4h","sub"
"SUB-407","Automation scripts — Audit + integrations + webhooks test cases","Subtask","STY-151","QA-1","6h","sub"
"SUB-408","Schema/migration — Security review fixes — round 1 (OWASP top 10)","Subtask","STY-152","DEV-BE-1","4h","sub"
"SUB-409","Implementation — Security review fixes — round 1 (OWASP top 10)","Subtask","STY-152","DEV-BE-1","16h","sub"
"SUB-410","Unit + integration tests — Security review fixes — round 1 (OWASP top 10)","Subtask","STY-152","DEV-BE-1","4h","sub"
"SUB-411","Schema/migration — Performance tuning — hot endpoints + caching","Subtask","STY-153","DEV-BE-2","4h","sub"
"SUB-412","Implementation — Performance tuning — hot endpoints + caching","Subtask","STY-153","DEV-BE-2","16h","sub"
"SUB-413","Unit + integration tests — Performance tuning — hot endpoints + caching","Subtask","STY-153","DEV-BE-2","4h","sub"
"SUB-414","Component/page build — Bundle size optimization + tree-shaking audit","Subtask","STY-154","DEV-FE-1","10h","sub"
"SUB-415","State wiring + form validation — Bundle size optimization + tree-shaking audit","Subtask","STY-154","DEV-FE-1","4h","sub"
"SUB-416","E2E + a11y pass — Bundle size optimization + tree-shaking audit","Subtask","STY-154","DEV-FE-1","3h","sub"
"SUB-417","Component/page build — Lazy-loading + route-level code-splitting","Subtask","STY-155","DEV-FE-1","10h","sub"
"SUB-418","State wiring + form validation — Lazy-loading + route-level code-splitting","Subtask","STY-155","DEV-FE-1","4h","sub"
"SUB-419","E2E + a11y pass — Lazy-loading + route-level code-splitting","Subtask","STY-155","DEV-FE-1","3h","sub"
"SUB-420","Component/page build — Accessibility (a11y) pass — M1","Subtask","STY-156","DEV-FE-2","10h","sub"
"SUB-421","State wiring + form validation — Accessibility (a11y) pass — M1","Subtask","STY-156","DEV-FE-2","4h","sub"
"SUB-422","E2E + a11y pass — Accessibility (a11y) pass — M1","Subtask","STY-156","DEV-FE-2","3h","sub"
"SUB-423","Component/page build — Accessibility (a11y) pass — M10","Subtask","STY-157","DEV-FE-2","10h","sub"
"SUB-424","State wiring + form validation — Accessibility (a11y) pass — M10","Subtask","STY-157","DEV-FE-2","4h","sub"
"SUB-425","E2E + a11y pass — Accessibility (a11y) pass — M10","Subtask","STY-157","DEV-FE-2","3h","sub"
"SUB-426","Test plan + cases — Full regression run round 1 + defect report","Subtask","STY-158","QA-1","4h","sub"
"SUB-427","Automation scripts — Full regression run round 1 + defect report","Subtask","STY-158","QA-1","16h","sub"
"SUB-428","Schema/migration — Staging perf baseline + SLO report","Subtask","STY-159","DEV-BE-2","4h","sub"
"SUB-429","Implementation — Staging perf baseline + SLO report","Subtask","STY-159","DEV-BE-2","8h","sub"
"SUB-430","Unit + integration tests — Staging perf baseline + SLO report","Subtask","STY-159","DEV-BE-2","4h","sub"
"SUB-431","Schema/migration — Load testing scenarios + k6 scripts","Subtask","STY-160","DEV-BE-1","4h","sub"
"SUB-432","Implementation — Load testing scenarios + k6 scripts","Subtask","STY-160","DEV-BE-1","10h","sub"
"SUB-433","Unit + integration tests — Load testing scenarios + k6 scripts","Subtask","STY-160","DEV-BE-1","4h","sub"
"SUB-434","Schema/migration — Load-test fixes + scaling policy tuning","Subtask","STY-161","DEV-BE-2","4h","sub"
"SUB-435","Implementation — Load-test fixes + scaling policy tuning","Subtask","STY-161","DEV-BE-2","10h","sub"
"SUB-436","Unit + integration tests — Load-test fixes + scaling policy tuning","Subtask","STY-161","DEV-BE-2","4h","sub"
"SUB-437","Schema/migration — Security scan fixes (OWASP + CVE backlog)","Subtask","STY-162","DEV-BE-1","4h","sub"
"SUB-438","Implementation — Security scan fixes (OWASP + CVE backlog)","Subtask","STY-162","DEV-BE-1","16h","sub"
"SUB-439","Unit + integration tests — Security scan fixes (OWASP + CVE backlog)","Subtask","STY-162","DEV-BE-1","4h","sub"
"SUB-440","Schema/migration — Secrets rotation + vault setup","Subtask","STY-163","DEV-BE-2","4h","sub"
"SUB-441","Implementation — Secrets rotation + vault setup","Subtask","STY-163","DEV-BE-2","10h","sub"
"SUB-442","Unit + integration tests — Secrets rotation + vault setup","Subtask","STY-163","DEV-BE-2","4h","sub"
"SUB-443","Schema/migration — DR backup + restore testing","Subtask","STY-164","DEV-BE-1","4h","sub"
"SUB-444","Implementation — DR backup + restore testing","Subtask","STY-164","DEV-BE-1","10h","sub"
"SUB-445","Unit + integration tests — DR backup + restore testing","Subtask","STY-164","DEV-BE-1","4h","sub"
"SUB-446","Component/page build — XSS/CSRF hardening audit","Subtask","STY-165","DEV-FE-1","10h","sub"
"SUB-447","State wiring + form validation — XSS/CSRF hardening audit","Subtask","STY-165","DEV-FE-1","4h","sub"
"SUB-448","E2E + a11y pass — XSS/CSRF hardening audit","Subtask","STY-165","DEV-FE-1","3h","sub"
"SUB-449","Component/page build — CSP headers + SRI for external scripts","Subtask","STY-166","DEV-FE-2","8h","sub"
"SUB-450","State wiring + form validation — CSP headers + SRI for external scripts","Subtask","STY-166","DEV-FE-2","4h","sub"
"SUB-451","E2E + a11y pass — CSP headers + SRI for external scripts","Subtask","STY-166","DEV-FE-2","3h","sub"
"SUB-452","Schema/migration — DR runbook + full DR drill","Subtask","STY-167","DEV-BE-2","4h","sub"
"SUB-453","Implementation — DR runbook + full DR drill","Subtask","STY-167","DEV-BE-2","10h","sub"
"SUB-454","Unit + integration tests — DR runbook + full DR drill","Subtask","STY-167","DEV-BE-2","4h","sub"
"SUB-455","Test plan + cases — Load-test results + signoff report","Subtask","STY-168","QA-1","4h","sub"
"SUB-456","Automation scripts — Load-test results + signoff report","Subtask","STY-168","QA-1","6h","sub"
"SUB-457","Schema/migration — Pen-test fixes — critical severity","Subtask","STY-169","DEV-BE-1","4h","sub"
"SUB-458","Implementation — Pen-test fixes — critical severity","Subtask","STY-169","DEV-BE-1","16h","sub"
"SUB-459","Unit + integration tests — Pen-test fixes — critical severity","Subtask","STY-169","DEV-BE-1","4h","sub"
"SUB-460","Schema/migration — Pen-test fixes — major severity","Subtask","STY-170","DEV-BE-2","4h","sub"
"SUB-461","Implementation — Pen-test fixes — major severity","Subtask","STY-170","DEV-BE-2","10h","sub"
"SUB-462","Unit + integration tests — Pen-test fixes — major severity","Subtask","STY-170","DEV-BE-2","4h","sub"
"SUB-463","Schema/migration — Pen-test fixes — minor + hardening","Subtask","STY-171","DEV-BE-1","4h","sub"
"SUB-464","Implementation — Pen-test fixes — minor + hardening","Subtask","STY-171","DEV-BE-1","8h","sub"
"SUB-465","Unit + integration tests — Pen-test fixes — minor + hardening","Subtask","STY-171","DEV-BE-1","4h","sub"
"SUB-466","Schema/migration — Data migration script — employees","Subtask","STY-172","DEV-BE-2","4h","sub"
"SUB-467","Implementation — Data migration script — employees","Subtask","STY-172","DEV-BE-2","10h","sub"
"SUB-468","Unit + integration tests — Data migration script — employees","Subtask","STY-172","DEV-BE-2","4h","sub"
"SUB-469","Schema/migration — Data migration script — org structure + positions","Subtask","STY-173","DEV-BE-2","4h","sub"
"SUB-470","Implementation — Data migration script — org structure + positions","Subtask","STY-173","DEV-BE-2","8h","sub"
"SUB-471","Unit + integration tests — Data migration script — org structure + positions","Subtask","STY-173","DEV-BE-2","4h","sub"
"SUB-472","Schema/migration — Data migration script — contracts + documents","Subtask","STY-174","DEV-BE-1","4h","sub"
"SUB-473","Implementation — Data migration script — contracts + documents","Subtask","STY-174","DEV-BE-1","8h","sub"
"SUB-474","Unit + integration tests — Data migration script — contracts + documents","Subtask","STY-174","DEV-BE-1","4h","sub"
"SUB-475","Schema/migration — Data migration dry-run 1 (staging)","Subtask","STY-175","DEV-BE-2","4h","sub"
"SUB-476","Implementation — Data migration dry-run 1 (staging)","Subtask","STY-175","DEV-BE-2","10h","sub"
"SUB-477","Unit + integration tests — Data migration dry-run 1 (staging)","Subtask","STY-175","DEV-BE-2","4h","sub"
"SUB-478","Schema/migration — Data migration dry-run 2 (staging, post-fix)","Subtask","STY-176","DEV-BE-1","4h","sub"
"SUB-479","Implementation — Data migration dry-run 2 (staging, post-fix)","Subtask","STY-176","DEV-BE-1","10h","sub"
"SUB-480","Unit + integration tests — Data migration dry-run 2 (staging, post-fix)","Subtask","STY-176","DEV-BE-1","4h","sub"
"SUB-481","Test plan + cases — Pen-test fix verification","Subtask","STY-177","QA-1","4h","sub"
"SUB-482","Automation scripts — Pen-test fix verification","Subtask","STY-177","QA-1","10h","sub"
"SUB-483","Test plan + cases — Migration dry-run verification + checksums","Subtask","STY-178","QA-1","4h","sub"
"SUB-484","Automation scripts — Migration dry-run verification + checksums","Subtask","STY-178","QA-1","6h","sub"
"SUB-485","Research / draft — UAT scenarios drafted (happy + edge paths)","Subtask","STY-179","PO","4h","sub"
"SUB-486","Review + finalize — UAT scenarios drafted (happy + edge paths)","Subtask","STY-179","PO","2h","sub"
"SUB-487","Research / draft — UAT test data prepared (anonymized + seeded)","Subtask","STY-180","PO","4h","sub"
"SUB-488","Review + finalize — UAT test data prepared (anonymized + seeded)","Subtask","STY-180","PO","2h","sub"
"SUB-489","Research / draft — UAT stakeholder onboarding session","Subtask","STY-181","PO","4h","sub"
"SUB-490","Review + finalize — UAT stakeholder onboarding session","Subtask","STY-181","PO","2h","sub"
"SUB-491","Test plan + cases — UAT test plan (scoring rubric + defect flow)","Subtask","STY-182","QA-1","4h","sub"
"SUB-492","Automation scripts — UAT test plan (scoring rubric + defect flow)","Subtask","STY-182","QA-1","10h","sub"
"SUB-493","Test plan + cases — UAT environment smoke test + seeding","Subtask","STY-183","QA-1","4h","sub"
"SUB-494","Automation scripts — UAT environment smoke test + seeding","Subtask","STY-183","QA-1","6h","sub"
"SUB-495","Schema/migration — Hotfix pipeline + feature-flag framework","Subtask","STY-184","DEV-BE-1","4h","sub"
"SUB-496","Implementation — Hotfix pipeline + feature-flag framework","Subtask","STY-184","DEV-BE-1","10h","sub"
"SUB-497","Unit + integration tests — Hotfix pipeline + feature-flag framework","Subtask","STY-184","DEV-BE-1","4h","sub"
"SUB-498","Component/page build — In-app help + user guide content (embedded)","Subtask","STY-185","DEV-FE-1","8h","sub"
"SUB-499","State wiring + form validation — In-app help + user guide content (embedded)","Subtask","STY-185","DEV-FE-1","4h","sub"
"SUB-500","E2E + a11y pass — In-app help + user guide content (embedded)","Subtask","STY-185","DEV-FE-1","3h","sub"
"SUB-501","Schema/migration — Production environment hardening","Subtask","STY-186","DEV-BE-2","4h","sub"
"SUB-502","Implementation — Production environment hardening","Subtask","STY-186","DEV-BE-2","8h","sub"
"SUB-503","Unit + integration tests — Production environment hardening","Subtask","STY-186","DEV-BE-2","4h","sub"
"SUB-504","Test plan + cases — UAT round 1 — execution + defect intake","Subtask","STY-187","QA-1","4h","sub"
"SUB-505","Automation scripts — UAT round 1 — execution + defect intake","Subtask","STY-187","QA-1","10h","sub"
"SUB-506","Test plan + cases — UAT round 1 — defect triage + assignment","Subtask","STY-188","QA-1","4h","sub"
"SUB-507","Automation scripts — UAT round 1 — defect triage + assignment","Subtask","STY-188","QA-1","10h","sub"
"SUB-508","Schema/migration — UAT round 1 — fixes backlog burndown","Subtask","STY-189","DEV-BE-1","4h","sub"
"SUB-509","Implementation — UAT round 1 — fixes backlog burndown","Subtask","STY-189","DEV-BE-1","16h","sub"
"SUB-510","Unit + integration tests — UAT round 1 — fixes backlog burndown","Subtask","STY-189","DEV-BE-1","4h","sub"
"SUB-511","Component/page build — UAT round 1 — fixes backlog burndown","Subtask","STY-190","DEV-FE-1","16h","sub"
"SUB-512","State wiring + form validation — UAT round 1 — fixes backlog burndown","Subtask","STY-190","DEV-FE-1","4h","sub"
"SUB-513","E2E + a11y pass — UAT round 1 — fixes backlog burndown","Subtask","STY-190","DEV-FE-1","3h","sub"
"SUB-514","Research / draft — Stakeholder feedback synthesis + go/no-go R1","Subtask","STY-191","PO","4h","sub"
"SUB-515","Review + finalize — Stakeholder feedback synthesis + go/no-go R1","Subtask","STY-191","PO","2h","sub"
"SUB-516","Test plan + cases — UAT round 2 — execution + regression","Subtask","STY-193","QA-1","4h","sub"
"SUB-517","Automation scripts — UAT round 2 — execution + regression","Subtask","STY-193","QA-1","10h","sub"
"SUB-518","Schema/migration — UAT round 2 — fixes","Subtask","STY-194","DEV-BE-2","4h","sub"
"SUB-519","Implementation — UAT round 2 — fixes","Subtask","STY-194","DEV-BE-2","10h","sub"
"SUB-520","Unit + integration tests — UAT round 2 — fixes","Subtask","STY-194","DEV-BE-2","4h","sub"
"SUB-521","Component/page build — UAT round 2 — fixes","Subtask","STY-195","DEV-FE-2","10h","sub"
"SUB-522","State wiring + form validation — UAT round 2 — fixes","Subtask","STY-195","DEV-FE-2","4h","sub"
"SUB-523","E2E + a11y pass — UAT round 2 — fixes","Subtask","STY-195","DEV-FE-2","3h","sub"
"SUB-524","Research / draft — Training content — admin users (M10)","Subtask","STY-196","PO","4h","sub"
"SUB-525","Review + finalize — Training content — admin users (M10)","Subtask","STY-196","PO","2h","sub"
"SUB-526","Research / draft — Training content — end users (M1)","Subtask","STY-197","PO","4h","sub"
"SUB-527","Review + finalize — Training content — end users (M1)","Subtask","STY-197","PO","2h","sub"
"SUB-528","Figma build — Training visuals (screenshots + diagrams)","Subtask","STY-198","DES-1","6h","sub"
"SUB-529","Review + handoff — Training visuals (screenshots + diagrams)","Subtask","STY-198","DES-1","2h","sub"
"SUB-530","Test plan + cases — UAT round 3 — final regression + acceptance","Subtask","STY-200","QA-1","4h","sub"
"SUB-531","Automation scripts — UAT round 3 — final regression + acceptance","Subtask","STY-200","QA-1","10h","sub"
"SUB-532","Schema/migration — UAT round 3 — final fixes","Subtask","STY-201","DEV-BE-1","4h","sub"
"SUB-533","Implementation — UAT round 3 — final fixes","Subtask","STY-201","DEV-BE-1","10h","sub"
"SUB-534","Unit + integration tests — UAT round 3 — final fixes","Subtask","STY-201","DEV-BE-1","4h","sub"
"SUB-535","Component/page build — UAT round 3 — final fixes","Subtask","STY-202","DEV-FE-1","10h","sub"
"SUB-536","State wiring + form validation — UAT round 3 — final fixes","Subtask","STY-202","DEV-FE-1","4h","sub"
"SUB-537","E2E + a11y pass — UAT round 3 — final fixes","Subtask","STY-202","DEV-FE-1","3h","sub"
"SUB-538","Schema/migration — Cutover rehearsal 1 (staging-as-prod)","Subtask","STY-203","DEV-BE-2","4h","sub"
"SUB-539","Implementation — Cutover rehearsal 1 (staging-as-prod)","Subtask","STY-203","DEV-BE-2","10h","sub"
"SUB-540","Unit + integration tests — Cutover rehearsal 1 (staging-as-prod)","Subtask","STY-203","DEV-BE-2","4h","sub"
"SUB-541","Schema/migration — Cutover rehearsal 2 (full team)","Subtask","STY-204","DEV-BE-2","4h","sub"
"SUB-542","Implementation — Cutover rehearsal 2 (full team)","Subtask","STY-204","DEV-BE-2","10h","sub"
"SUB-543","Unit + integration tests — Cutover rehearsal 2 (full team)","Subtask","STY-204","DEV-BE-2","4h","sub"
"SUB-544","Test plan + cases — Final regression run + exit-criteria report","Subtask","STY-205","QA-1","4h","sub"
"SUB-545","Automation scripts — Final regression run + exit-criteria report","Subtask","STY-205","QA-1","6h","sub"
"SUB-546","Schema/migration — Last-mile fixes + production config freeze","Subtask","STY-207","DEV-BE-1","4h","sub"
"SUB-547","Implementation — Last-mile fixes + production config freeze","Subtask","STY-207","DEV-BE-1","10h","sub"
"SUB-548","Unit + integration tests — Last-mile fixes + production config freeze","Subtask","STY-207","DEV-BE-1","4h","sub"
"SUB-549","Component/page build — Last-mile fixes + production build verified","Subtask","STY-208","DEV-FE-1","10h","sub"
"SUB-550","State wiring + form validation — Last-mile fixes + production build verified","Subtask","STY-208","DEV-FE-1","4h","sub"
"SUB-551","E2E + a11y pass — Last-mile fixes + production build verified","Subtask","STY-208","DEV-FE-1","3h","sub"
"SUB-552","Schema/migration — Production deployment checklist","Subtask","STY-209","DEV-BE-2","4h","sub"
"SUB-553","Implementation — Production deployment checklist","Subtask","STY-209","DEV-BE-2","8h","sub"
"SUB-554","Unit + integration tests — Production deployment checklist","Subtask","STY-209","DEV-BE-2","4h","sub"
"SUB-555","Schema/migration — Rollback plan + rehearsal","Subtask","STY-210","DEV-BE-2","4h","sub"
"SUB-556","Implementation — Rollback plan + rehearsal","Subtask","STY-210","DEV-BE-2","10h","sub"
"SUB-557","Unit + integration tests — Rollback plan + rehearsal","Subtask","STY-210","DEV-BE-2","4h","sub"
"SUB-558","Research / draft — Go-live comms plan (internal + external)","Subtask","STY-211","PO","4h","sub"
"SUB-559","Review + finalize — Go-live comms plan (internal + external)","Subtask","STY-211","PO","2h","sub"
"SUB-560","Schema/migration — Production cutover — execute deployment","Subtask","STY-214","DEV-BE-2","4h","sub"
"SUB-561","Implementation — Production cutover — execute deployment","Subtask","STY-214","DEV-BE-2","16h","sub"
"SUB-562","Unit + integration tests — Production cutover — execute deployment","Subtask","STY-214","DEV-BE-2","4h","sub"
"SUB-563","Schema/migration — DNS + traffic cutover","Subtask","STY-215","DEV-BE-1","4h","sub"
"SUB-564","Implementation — DNS + traffic cutover","Subtask","STY-215","DEV-BE-1","8h","sub"
"SUB-565","Unit + integration tests — DNS + traffic cutover","Subtask","STY-215","DEV-BE-1","4h","sub"
"SUB-566","Test plan + cases — Post-cutover smoke tests (prod)","Subtask","STY-216","QA-1","4h","sub"
"SUB-567","Automation scripts — Post-cutover smoke tests (prod)","Subtask","STY-216","QA-1","6h","sub"
"SUB-568","Schema/migration — Day-1 hotfix support (on-call)","Subtask","STY-217","DEV-BE-1","4h","sub"
"SUB-569","Implementation — Day-1 hotfix support (on-call)","Subtask","STY-217","DEV-BE-1","10h","sub"
"SUB-570","Unit + integration tests — Day-1 hotfix support (on-call)","Subtask","STY-217","DEV-BE-1","4h","sub"
"SUB-571","Component/page build — Day-1 hotfix support (on-call)","Subtask","STY-218","DEV-FE-1","8h","sub"
"SUB-572","State wiring + form validation — Day-1 hotfix support (on-call)","Subtask","STY-218","DEV-FE-1","4h","sub"
"SUB-573","E2E + a11y pass — Day-1 hotfix support (on-call)","Subtask","STY-218","DEV-FE-1","3h","sub"
"SUB-574","Research / draft — Go-live retrospective (what went well / improve)","Subtask","STY-219","PO","4h","sub"
"SUB-575","Review + finalize — Go-live retrospective (what went well / improve)","Subtask","STY-219","PO","2h","sub"
