"External ID","Summary","Issue Type","Description","Priority","Parent","Sprint","Story Points","Reporter","Labels","Labels","Labels","Labels","Labels","Labels"
"STY-001","DEVOPS: Provision dev/stage/prod environments","Task","Kubernetes clusters + managed Postgres + S3 buckets + Redis across 3 envs. Networking + secrets vault.","High","PRX-1","Sprint 0","5","PO","devops","platform","dev-be-1","prx-e0","devops","platform"
"STY-002","DEVOPS: Set up CI/CD pipeline (BE + FE)","Task","GitHub Actions: lint → test → build → deploy. Branch protection rules. Preview envs on PR.","High","PRX-1","Sprint 0","5","PO","devops","platform","dev-be-2","prx-e0","devops","platform"
"STY-003","FE: Bootstrap FE repo + design system package","Task","Vite + React + TS + Tailwind + routing. Shared @praxion/ui package scaffold. Storybook.","High","PRX-1","Sprint 0","3","PO","fe","platform","dev-fe-1","prx-e0","fe","platform"
"STY-004","FE: Design system token package (colors/type/spacing)","Task","Brand v2.0 tokens wired into @praxion/tokens. TS types + CSS vars. Tailwind plugin.","High","PRX-1","Sprint 0","3","PO","fe","platform","dev-fe-2","prx-e0","fe","platform"
"STY-005","QA: Test framework + first smoke tests","Task","Playwright for e2e, Vitest for unit, Pact for contract. Smoke test hits staging health endpoint.","High","PRX-1","Sprint 0","2","PO","qa","platform","qa-1","prx-e0","qa","platform"
"STY-006","DEVOPS: Observability — logging + metrics + tracing","Task","Stack: Loki + Prometheus + Grafana + OTEL. Dashboards for p50/p95 latency + error rate.","High","PRX-1","Sprint 0","2","PO","devops","platform","dev-be-1","prx-e0","devops","platform"
"STY-007","PO: Stakeholder interviews — Records management","Task","Interview HR Ops + People team. Document: attributes, lifecycle states, data sources.","High","PRX-2","Sprint 1","3","PO","po","m1-core-hris","po","prx-e1","po","foundation"
"STY-008","PO: Stakeholder interviews — Org structure","Task","Interview Finance + HR Ops. Document: cost-centre model, reporting lines, org depth.","High","PRX-2","Sprint 1","3","PO","po","m1-core-hris","po","prx-e1","po","foundation"
"STY-009","TL: Spike — Auth provider comparison (Auth0/Keycloak/Cognito)","Task","POC 3 providers against SSO req. Document trade-offs + cost. Recommend provider.","High","PRX-2","Sprint 1","3","PO","tl","platform","tl","prx-e1","tl","platform"
"STY-010","TL: Spike — Multi-tenancy pattern selection","Task","Evaluate: row-level-sec vs schema-per-tenant vs db-per-tenant. Benchmark + recommend.","High","PRX-2","Sprint 1","3","PO","tl","platform","tl","prx-e1","tl","platform"
"STY-011","DES: UX research synthesis (existing materials)","Task","Synthesize discovery docs, Meeting-Docs-Apr22, master layout feedback. Personas + journeys.","High","PRX-2","Sprint 1","5","PO","des","m1-core-hris","des-1","prx-e1","design","foundation"
"STY-012","BE: Data model design — Employees + audit fields","Task","ERD draft: employees, addresses, emergency contacts, identifiers. Include audit/soft-delete.","High","PRX-2","Sprint 1","5","PO","be","m1-core-hris","dev-be-1","prx-e1","be","foundation"
"STY-013","BE: Data model design — Org structure + positions","Task","ERD draft: org_units, positions, position_assignments, reporting_lines. Hierarchical queries.","High","PRX-2","Sprint 1","5","PO","be","m1-core-hris","dev-be-2","prx-e1","be","foundation"
"STY-014","QA: Test strategy document (M1 Phase-1)","Task","Strategy: pyramid (unit/int/e2e), tools, coverage targets, automation-manual split.","High","PRX-2","Sprint 1","3","PO","qa","platform","qa-1","prx-e1","qa","foundation"
"STY-015","FE: UI architecture decision record (ADR)","Task","ADR: state mgmt (Zustand vs Redux), forms lib, validation lib, routing patterns.","High","PRX-2","Sprint 1","3","PO","fe","platform","dev-fe-1","prx-e1","fe","platform"
"STY-016","DES: Master layout — high-fidelity (from approved low-fi)","Task","Polish approved master layout: spacing, a11y contrast, responsive breakpoints, tokens applied.","High","PRX-2","Sprint 1","5","PO","des","platform","des-1","prx-e1","design","platform"
"STY-017","PO: Stakeholder interviews — Contracts & documents","Task","Interview Legal + HR Ops. Contract types, lifecycle events, document retention policy.","High","PRX-2","Sprint 2","3","PO","po","m1-core-hris","po","prx-e1","po","foundation"
"STY-018","PO: Stakeholder interviews — Lifecycle events","Task","Interview HR Ops. Hire/promote/transfer/terminate workflows + approval chains.","High","PRX-2","Sprint 2","3","PO","po","m1-core-hris","po","prx-e1","po","foundation"
"STY-019","PO: Stakeholder interviews — M10 Sys Admin","Task","Interview IT Ops + Sys Admin. Tenant config, audit reqs, integrations needed.","High","PRX-2","Sprint 2","3","PO","po","m10-sys-admin","po","prx-e1","po","foundation"
"STY-020","BE: Data model design — Contracts + documents","Task","ERD: contracts, contract_versions, documents, document_acl. Signed URL pattern.","High","PRX-2","Sprint 2","3","PO","be","m1-core-hris","dev-be-1","prx-e1","be","foundation"
"STY-021","BE: Data model design — Lifecycle events + approvals","Task","ERD: lifecycle_events, approval_workflows, approval_steps, approval_history.","High","PRX-2","Sprint 2","3","PO","be","m1-core-hris","dev-be-2","prx-e1","be","foundation"
"STY-022","TL: Integration contract — SSO (OIDC)","Task","OIDC flow spec: scopes, claims mapping, tenant routing. IdP dry-run.","High","PRX-2","Sprint 2","5","PO","tl","platform","tl","prx-e1","tl","platform"
"STY-023","TL: Integration contract — Data imports (CSV/API)","Task","Spec for bulk import: CSV schema, API endpoints, validation rules, error reporting.","High","PRX-2","Sprint 2","3","PO","tl","platform","tl","prx-e1","tl","platform"
"STY-024","DES: Component library — Forms (inputs, selects, datepickers)","Task","Hi-fi Figma components: text, number, select, multi-select, date, date-range. States.","High","PRX-2","Sprint 2","5","PO","des","platform","des-1","prx-e1","design","platform"
"STY-025","DES: Component library — Data display (tables, cards)","Task","Hi-fi Figma: tables (sortable/filterable), cards, tiles, stats. Empty + loading states.","High","PRX-2","Sprint 2","5","PO","des","platform","des-1","prx-e1","design","platform"
"STY-026","DES: M1 Employee records wireframes (list + detail + edit)","Task","Hi-fi screens: list, filters, detail (tabs), create/edit, quick-view.","High","PRX-2","Sprint 2","5","PO","des","m1-core-hris","des-1","prx-e1","design","foundation"
"STY-027","DES: M1 Org structure + Positions wireframes","Task","Hi-fi: org chart viz, position list, assignment UI, bulk reorganise.","High","PRX-2","Sprint 3","5","PO","des","m1-core-hris","des-1","prx-e1","design","foundation"
"STY-028","DES: M1 Contracts + documents wireframes","Task","Hi-fi: contract list, detail, lifecycle actions, documents vault, upload widget.","High","PRX-2","Sprint 3","5","PO","des","m1-core-hris","des-1","prx-e1","design","foundation"
"STY-029","DES: M1 Lifecycle events + approvals wireframes","Task","Hi-fi: timeline, event wizard, approvals inbox, approval detail, notifications.","High","PRX-2","Sprint 3","5","PO","des","m1-core-hris","des-1","prx-e1","design","foundation"
"STY-030","DES: M10 Admin wireframes","Task","Hi-fi: users admin, roles/permissions matrix, tenant config, audit dashboard.","High","PRX-2","Sprint 4","5","PO","des","m10-sys-admin","des-1","prx-e1","design","foundation"
"STY-031","DES: Component library — Navigation + shell","Task","Hi-fi: app header, collapsible sidebar, breadcrumbs, user menu. Dark-mode vars.","High","PRX-2","Sprint 2","5","PO","des","platform","des-1","prx-e1","design","platform"
"STY-032","QA: Test environment setup (local + stage)","Task","Docker compose for local. Stage seeded with anonymized prod-shape data.","High","PRX-2","Sprint 3","3","PO","qa","platform","qa-1","prx-e1","qa","platform"
"STY-033","QA: Automation framework scaffolding","Task","Playwright config, Pact broker, CI wiring, reporting to Allure.","High","PRX-2","Sprint 3","5","PO","qa","platform","qa-1","prx-e1","qa","platform"
"STY-034","FE: Shared components — Button / Input / Select","Task","Implement from design tokens. Storybook stories. Unit tests.","High","PRX-2","Sprint 3","5","PO","fe","platform","dev-fe-1","prx-e1","fe","platform"
"STY-035","FE: Shared components — Table / Card / Badge","Task","Implement from design tokens. Storybook stories. Unit tests.","High","PRX-2","Sprint 3","5","PO","fe","platform","dev-fe-2","prx-e1","fe","platform"
"STY-036","BE: API convention doc + OpenAPI scaffolding","Task","Endpoint naming, pagination, filtering, errors, versioning. OpenAPI spec in repo.","High","PRX-2","Sprint 3","3","PO","be","platform","dev-be-1","prx-e1","be","platform"
"STY-037","BE: Database migration tooling + seed-data pattern","Task","Choose migration tool, set up seeds for local/stage. Document rollback procedure.","High","PRX-2","Sprint 3","3","PO","be","platform","dev-be-2","prx-e1","be","platform"
"STY-038","PO: Design sign-off review session","Task","Review all wireframes + components with HR Ops, Sabry, TL. Capture sign-off.","High","PRX-2","Sprint 3","2","PO","po","m1-core-hris","po","prx-e1","po","foundation"
"STY-039","BE: Tenancy data model + migrations","Task","tenants table, tenant_id FK on all relevant tables. Middleware to inject tenant context.","Highest","PRX-3","Sprint 4","8","PO","be","platform","dev-be-1","prx-e2","be","platform"
"STY-040","BE: Tenant-isolation middleware + query guards","Task","Middleware rejects cross-tenant reads/writes. Query-builder guards + unit tests.","Highest","PRX-3","Sprint 4","5","PO","be","platform","dev-be-1","prx-e2","be","platform"
"STY-041","BE: SSO integration — OIDC provider connection","Task","Connect to chosen IdP. Callback, state, PKCE. Claim→user mapping.","Highest","PRX-3","Sprint 4","8","PO","be","platform","dev-be-2","prx-e2","be","platform"
"STY-042","BE: SSO session handling + refresh tokens","Task","JWT access + refresh pattern. Session storage. Logout flow + token revocation.","Highest","PRX-3","Sprint 4","5","PO","be","platform","dev-be-2","prx-e2","be","platform"
"STY-043","BE: RBAC schema (roles, permissions, role_permissions)","Task","Data model + migrations. Seed default roles (SysAdmin, HRAdmin, Manager, Employee).","Highest","PRX-3","Sprint 4","5","PO","be","platform","dev-be-1","prx-e2","be","platform"
"STY-044","BE: RBAC enforcement middleware + decorators","Task","Route-level + method-level permission checks. Returns 403 with permission name.","Highest","PRX-3","Sprint 4","5","PO","be","platform","dev-be-2","prx-e2","be","platform"
"STY-045","FE: Login screen + SSO flow","Task","Login screen (email capture), redirect to IdP, handle callback, error states.","Highest","PRX-3","Sprint 4","5","PO","fe","platform","dev-fe-1","prx-e2","fe","platform"
"STY-046","FE: Tenant-aware routing + URL scheme","Task","Tenant in subdomain or path prefix. Route guards. Redirect to tenant picker if multi-tenant user.","Highest","PRX-3","Sprint 4","3","PO","fe","platform","dev-fe-1","prx-e2","fe","platform"
"STY-047","FE: Session management + auto-refresh + idle logout","Task","Auto-refresh before expiry. Idle-timeout logout. Warning modal before logout.","Highest","PRX-3","Sprint 4","3","PO","fe","platform","dev-fe-2","prx-e2","fe","platform"
"STY-048","QA: Auth + tenancy + RBAC test suite","Task","E2E: login/logout/refresh. Cross-tenant access rejected. Permission gates verified.","Highest","PRX-3","Sprint 4","5","PO","qa","platform","qa-1","prx-e2","qa","platform"
"STY-049","BE: Audit log data model + write-path","Task","audit_events table. Middleware hooks on every mutating endpoint. Actor, action, target, diff.","High","PRX-3","Sprint 5","5","PO","be","platform","dev-be-1","prx-e2","be","platform"
"STY-050","BE: Audit log query API (filters + pagination)","Task","GET /audit with filters: date-range, actor, action, target-type. Paginated.","High","PRX-3","Sprint 5","3","PO","be","platform","dev-be-1","prx-e2","be","platform"
"STY-051","BE: Platform config endpoints (branding, locale)","Task","Per-tenant config: logo URL, primary color, locale, timezone. Cached.","High","PRX-3","Sprint 5","3","PO","be","platform","dev-be-2","prx-e2","be","platform"
"STY-052","FE: App shell (header + content + footer)","Task","Responsive app shell with skip-to-content, notification slot, user menu slot.","Highest","PRX-3","Sprint 5","5","PO","fe","platform","dev-fe-1","prx-e2","fe","platform"
"STY-053","FE: Collapsible sidebar with module navigation","Task","Sidebar with module icons, active state, collapsible. Keyboard nav. Remember preference.","Highest","PRX-3","Sprint 5","8","PO","fe","platform","dev-fe-2","prx-e2","fe","platform"
"STY-054","FE: Brand tokens wired into runtime theme","Task","CSS vars from @praxion/tokens applied at root. Per-tenant color override supported.","High","PRX-3","Sprint 5","5","PO","fe","platform","dev-fe-1","prx-e2","fe","platform"
"STY-055","FE: User menu + profile dropdown + logout","Task","Dropdown: profile link, settings, switch tenant, sign out.","High","PRX-3","Sprint 5","3","PO","fe","platform","dev-fe-2","prx-e2","fe","platform"
"STY-056","FE: Error boundaries + empty states + loading shells","Task","Shared error boundary, 404/500 pages, skeleton loaders, empty-state component.","High","PRX-3","Sprint 5","3","PO","fe","platform","dev-fe-1","prx-e2","fe","platform"
"STY-057","QA: Audit log + shell e2e + accessibility pass","Task","E2E: audit events captured on CRUD. A11y: keyboard-only nav through shell. Screen-reader smoke.","High","PRX-3","Sprint 5","5","PO","qa","platform","qa-1","prx-e2","qa","platform"
"STY-058","DEVOPS: Staging environment hardening","Task","TLS, rate limits, WAF rules, backup job verified, log retention config.","High","PRX-3","Sprint 5","3","PO","devops","platform","dev-be-2","prx-e2","devops","platform"
"STY-059","BE: employees table + migrations + seed","Task","Full schema per data-model ADR. Soft-delete. Timestamps. Seed 50 anonymized employees.","Highest","PRX-4","Sprint 6","5","PO","be","m1-core-hris","dev-be-1","prx-e3","be","foundation"
"STY-060","BE: GET /employees (list + filter + paginate + sort)","Task","List with query params: q, status, org_unit, sort, page. p95 < 200ms on seed.","Highest","PRX-4","Sprint 6","5","PO","be","m1-core-hris","dev-be-1","prx-e3","be","foundation"
"STY-061","BE: GET /employees/:id (full detail)","Task","Full record with nested addresses, emergency contacts, current position.","Highest","PRX-4","Sprint 6","3","PO","be","m1-core-hris","dev-be-1","prx-e3","be","foundation"
"STY-062","BE: POST /employees (create + validation)","Task","Create with full payload validation, uniqueness checks, audit event emitted.","Highest","PRX-4","Sprint 6","5","PO","be","m1-core-hris","dev-be-2","prx-e3","be","foundation"
"STY-063","BE: PUT /employees/:id (update + partial)","Task","Full + PATCH semantics. Optimistic concurrency via updated_at. Audit diff emitted.","Highest","PRX-4","Sprint 6","3","PO","be","m1-core-hris","dev-be-2","prx-e3","be","foundation"
"STY-064","BE: DELETE /employees/:id (soft-delete + restore)","Task","Soft-delete toggles deleted_at. Restore endpoint. Cascade considerations documented.","High","PRX-4","Sprint 6","3","PO","be","m1-core-hris","dev-be-2","prx-e3","be","foundation"
"STY-065","BE: Employee search (full-text)","Task","Postgres tsvector on name+email+employee_id. Fallback to ILIKE for filters.","High","PRX-4","Sprint 6","5","PO","be","m1-core-hris","dev-be-2","prx-e3","be","foundation"
"STY-066","FE: Employees list page (table + filters + search)","Task","Implements design. Server-side pagination, filter chips, keyword search, row click → detail.","Highest","PRX-4","Sprint 6","8","PO","fe","m1-core-hris","dev-fe-1","prx-e3","fe","foundation"
"STY-067","FE: Employee detail page (tabs: profile, employment, docs)","Task","Tabs layout. Profile tab shows core info. Empty tabs for employment/docs (populated later).","Highest","PRX-4","Sprint 6","5","PO","fe","m1-core-hris","dev-fe-1","prx-e3","fe","foundation"
"STY-068","FE: Employee create form (multi-step wizard)","Task","Steps: identity → contact → employment → review. Validation per step. Save-and-exit.","Highest","PRX-4","Sprint 6","8","PO","fe","m1-core-hris","dev-fe-2","prx-e3","fe","foundation"
"STY-069","FE: Employee edit form + inline-edit where appropriate","Task","Edit form mirrors create. Inline-edit for name + job title on detail page.","Highest","PRX-4","Sprint 6","5","PO","fe","m1-core-hris","dev-fe-2","prx-e3","fe","foundation"
"STY-070","FE: Employee profile header component","Task","Avatar + name + job title + status badge. Reused across pages.","High","PRX-4","Sprint 6","3","PO","fe","m1-core-hris","dev-fe-2","prx-e3","fe","foundation"
"STY-071","QA: Employee CRUD test cases + automation","Task","Test plan: ~40 cases. Automate ~25 (smoke + regression). Cross-tenant isolation verified.","Highest","PRX-4","Sprint 6","5","PO","qa","m1-core-hris","qa-1","prx-e3","qa","foundation"
"STY-072","QA: Employee search + filter test cases","Task","Test plan: ~15 cases. Edge: unicode names, very long strings, empty results.","Highest","PRX-4","Sprint 6","3","PO","qa","m1-core-hris","qa-1","prx-e3","qa","foundation"
"STY-073","BE: org_units table + migrations + tree queries","Task","Nested set or adjacency + path column. Queries: ancestors, descendants, siblings.","Highest","PRX-4","Sprint 7","5","PO","be","m1-core-hris","dev-be-1","prx-e3","be","foundation"
"STY-074","BE: Org units CRUD API","Task","Create + move + rename + deactivate. Prevent cycles. Audit emitted.","Highest","PRX-4","Sprint 7","5","PO","be","m1-core-hris","dev-be-1","prx-e3","be","foundation"
"STY-075","BE: Org tree query endpoint (full + subtree)","Task","GET /org/tree, GET /org/tree/:unit_id. Returns JSON tree with counts.","Highest","PRX-4","Sprint 7","5","PO","be","m1-core-hris","dev-be-1","prx-e3","be","foundation"
"STY-076","BE: positions table + CRUD API","Task","Create position, link to org_unit, track headcount approved vs filled.","Highest","PRX-4","Sprint 7","5","PO","be","m1-core-hris","dev-be-2","prx-e3","be","foundation"
"STY-077","BE: Position assignment API","Task","Assign employee to position (with start/end dates). Historical assignments preserved.","Highest","PRX-4","Sprint 7","5","PO","be","m1-core-hris","dev-be-2","prx-e3","be","foundation"
"STY-078","BE: Reporting-line query endpoint","Task","Given an employee, return up-chain and down-chain. Used by approvals later.","High","PRX-4","Sprint 7","3","PO","be","m1-core-hris","dev-be-2","prx-e3","be","foundation"
"STY-079","FE: Org chart visualization (interactive)","Task","React-flow or d3. Pan/zoom, click-to-focus, expand/collapse branches.","Highest","PRX-4","Sprint 7","8","PO","fe","m1-core-hris","dev-fe-1","prx-e3","fe","foundation"
"STY-080","FE: Org unit create/edit form + move dialog","Task","Forms for create/rename. Drag-drop or move-dialog to relocate within tree.","Highest","PRX-4","Sprint 7","5","PO","fe","m1-core-hris","dev-fe-1","prx-e3","fe","foundation"
"STY-081","FE: Positions list + detail pages","Task","List filtered by org unit. Detail shows current holder + history.","Highest","PRX-4","Sprint 7","5","PO","fe","m1-core-hris","dev-fe-2","prx-e3","fe","foundation"
"STY-082","FE: Position assignment UI (assign / unassign)","Task","Modal with employee picker, date picker, confirm. Historical list below.","Highest","PRX-4","Sprint 7","5","PO","fe","m1-core-hris","dev-fe-2","prx-e3","fe","foundation"
"STY-083","FE: Org unit picker component (shared)","Task","Tree-select component for forms. Reused in employee create/edit + other modules later.","High","PRX-4","Sprint 7","5","PO","fe","platform","dev-fe-2","prx-e3","fe","platform"
"STY-084","QA: Org structure + positions test cases","Task","Cycle prevention, move-to-descendant blocked, historical assignments preserved.","Highest","PRX-4","Sprint 7","5","PO","qa","m1-core-hris","qa-1","prx-e3","qa","foundation"
"STY-085","BE: contracts + contract_versions tables + migrations","Task","Versioned contracts. Types: permanent, fixed-term, probation, consultancy. Enums in lookup.","Highest","PRX-4","Sprint 8","5","PO","be","m1-core-hris","dev-be-1","prx-e3","be","foundation"
"STY-086","BE: Contracts CRUD API","Task","Create new contract version. List per employee. Current-contract query.","Highest","PRX-4","Sprint 8","5","PO","be","m1-core-hris","dev-be-1","prx-e3","be","foundation"
"STY-087","BE: Contract lifecycle state machine","Task","States: draft → active → renewed → terminated. Valid transitions enforced.","Highest","PRX-4","Sprint 8","5","PO","be","m1-core-hris","dev-be-1","prx-e3","be","foundation"
"STY-088","BE: documents + document_acl tables + S3 bucket","Task","Per-tenant bucket or per-tenant prefix. ACL table for fine-grained access.","Highest","PRX-4","Sprint 8","5","PO","be","m1-core-hris","dev-be-2","prx-e3","be","foundation"
"STY-089","BE: Document upload (signed-URL + virus-scan)","Task","Client gets signed URL, uploads direct to S3. Lambda/worker scans. Notify on clean.","Highest","PRX-4","Sprint 8","5","PO","be","m1-core-hris","dev-be-2","prx-e3","be","foundation"
"STY-090","BE: Document download/metadata endpoint","Task","Signed URL on demand. Metadata (uploader, size, mime, tags) cached.","High","PRX-4","Sprint 8","3","PO","be","m1-core-hris","dev-be-2","prx-e3","be","foundation"
"STY-091","FE: Contracts list + detail pages","Task","Filter by employee, type, status. Detail shows current version + history.","Highest","PRX-4","Sprint 8","5","PO","fe","m1-core-hris","dev-fe-1","prx-e3","fe","foundation"
"STY-092","FE: Contract create/edit form","Task","Form with dynamic fields per contract type. Attach document at creation.","Highest","PRX-4","Sprint 8","5","PO","fe","m1-core-hris","dev-fe-1","prx-e3","fe","foundation"
"STY-093","FE: Contract lifecycle actions (renew / terminate / sign)","Task","Action buttons with confirm modals. Terminate requires reason + date.","Highest","PRX-4","Sprint 8","5","PO","fe","m1-core-hris","dev-fe-1","prx-e3","fe","foundation"
"STY-094","FE: Documents vault page (per employee)","Task","List of documents with tags, filters, bulk download.","High","PRX-4","Sprint 8","5","PO","fe","m1-core-hris","dev-fe-2","prx-e3","fe","foundation"
"STY-095","FE: Document upload widget (drag-drop + progress)","Task","Reusable widget. Supports multiple files, shows per-file progress, retries failed.","Highest","PRX-4","Sprint 8","5","PO","fe","platform","dev-fe-2","prx-e3","fe","platform"
"STY-096","FE: Document viewer (PDF preview modal)","Task","PDF.js-based viewer in modal. Download + print actions. Fallback for other types.","High","PRX-4","Sprint 8","5","PO","fe","m1-core-hris","dev-fe-2","prx-e3","fe","foundation"
"STY-097","QA: Contracts + documents test cases","Task","Lifecycle state machine verified. Upload/download + ACL tested. Virus-scan mock.","Highest","PRX-4","Sprint 8","5","PO","qa","m1-core-hris","qa-1","prx-e3","qa","foundation"
"STY-098","BE: lifecycle_events table + API (hire/promote/transfer/terminate)","Task","Event types: hire, promote, transfer, salary-change, terminate. Immutable after creation.","Highest","PRX-4","Sprint 9","5","PO","be","m1-core-hris","dev-be-1","prx-e3","be","foundation"
"STY-099","BE: Approvals data model (workflows, steps, history)","Task","approval_workflows, approval_workflow_steps (order + approver_role), approval_history.","Highest","PRX-4","Sprint 9","5","PO","be","m1-core-hris","dev-be-2","prx-e3","be","foundation"
"STY-100","BE: Approval engine — state transitions","Task","States: pending → approved/rejected. Multi-step with parallel or sequential. Timeouts.","Highest","PRX-4","Sprint 9","8","PO","be","m1-core-hris","dev-be-1","prx-e3","be","foundation"
"STY-101","BE: Notifications service + email templates","Task","Pluggable provider (SES/SMTP). Templates: approval-requested, approved, rejected, reminder.","Highest","PRX-4","Sprint 9","5","PO","be","platform","dev-be-2","prx-e3","be","platform"
"STY-102","BE: Approval audit trail + SLA metrics","Task","Full trail per approval. Track time-to-approve. SLA thresholds in config.","High","PRX-4","Sprint 9","3","PO","be","m1-core-hris","dev-be-2","prx-e3","be","foundation"
"STY-103","FE: Lifecycle event timeline component","Task","Vertical timeline on employee detail. Icons per event type. Click → event detail.","Highest","PRX-4","Sprint 9","5","PO","fe","m1-core-hris","dev-fe-1","prx-e3","fe","foundation"
"STY-104","FE: Lifecycle event create wizard (promote/transfer)","Task","Multi-step wizard. Pre-fills from current state. Triggers approval workflow.","Highest","PRX-4","Sprint 9","8","PO","fe","m1-core-hris","dev-fe-1","prx-e3","fe","foundation"
"STY-105","FE: Approvals inbox page (pending + completed)","Task","List pending approvals for current user. Filter by type + age.","Highest","PRX-4","Sprint 9","5","PO","fe","m1-core-hris","dev-fe-2","prx-e3","fe","foundation"
"STY-106","FE: Approval detail page + approve/reject action","Task","Shows payload diff. Approve/Reject with comment. Confirmation modal.","Highest","PRX-4","Sprint 9","5","PO","fe","m1-core-hris","dev-fe-2","prx-e3","fe","foundation"
"STY-107","FE: Notifications UI (bell icon + dropdown + mark-read)","Task","Header bell with unread count. Dropdown with recent. Link to full notifications page.","High","PRX-4","Sprint 9","3","PO","fe","platform","dev-fe-2","prx-e3","fe","platform"
"STY-108","QA: Lifecycle events test cases","Task","Hire/promote/transfer/terminate flows. Audit verification. Edge cases.","Highest","PRX-4","Sprint 9","5","PO","qa","m1-core-hris","qa-1","prx-e3","qa","foundation"
"STY-109","QA: Approvals test cases + SLA scenarios","Task","Multi-step approvals. Rejection reroute. Timeout/reminder. SLA breach.","Highest","PRX-4","Sprint 9","4","PO","qa","m1-core-hris","qa-1","prx-e3","qa","foundation"
"STY-110","BE: Query performance tuning + indexes review","Task","Slow-query log analysis. Add missing indexes. Materialized views where warranted.","High","PRX-4","Sprint 10","5","PO","be","platform","dev-be-1","prx-e3","be","platform"
"STY-111","BE: API rate limiting + throttling per tenant","Task","Token bucket per tenant + per user. Configurable limits. 429 with retry-after.","High","PRX-4","Sprint 10","3","PO","be","platform","dev-be-1","prx-e3","be","platform"
"STY-112","BE: Bulk import API (employees CSV)","Task","Upload CSV, validate per-row, stream report. Dry-run mode. Transactional or row-by-row.","High","PRX-4","Sprint 10","5","PO","be","m1-core-hris","dev-be-2","prx-e3","be","foundation"
"STY-113","BE: Export API (employees, contracts, org)","Task","CSV/XLSX export with field selection. Streamed for large sets.","High","PRX-4","Sprint 10","3","PO","be","m1-core-hris","dev-be-2","prx-e3","be","foundation"
"STY-114","BE: M10 admin scaffolding (users, roles, permissions routes)","Task","Scaffold only — no full CRUD yet. Prep for Sprint 11.","High","PRX-4","Sprint 10","5","PO","be","m10-sys-admin","dev-be-2","prx-e3","be","foundation"
"STY-115","FE: Bulk import wizard UI (upload → map → validate → commit)","Task","Four-step wizard. Column mapping UI. Validation errors inline. Commit with progress.","High","PRX-4","Sprint 10","5","PO","fe","m1-core-hris","dev-fe-1","prx-e3","fe","foundation"
"STY-116","FE: Export UI (field selector + format picker)","Task","Modal with field checkboxes + format radio + trigger. Download when ready.","High","PRX-4","Sprint 10","5","PO","fe","m1-core-hris","dev-fe-1","prx-e3","fe","foundation"
"STY-117","FE: Employee profile enhancements (avatar upload + photo crop)","Task","Upload + crop + save. Fallback initials avatar. Consistent across the app.","Medium","PRX-4","Sprint 10","5","PO","fe","m1-core-hris","dev-fe-2","prx-e3","fe","foundation"
"STY-118","FE: Advanced search + saved filters","Task","Builder UI for complex filters. Save named views. Shareable URLs.","Medium","PRX-4","Sprint 10","5","PO","fe","m1-core-hris","dev-fe-2","prx-e3","fe","foundation"
"STY-119","FE: Home dashboard widgets (stats + recent events)","Task","Dashboard page with 4-6 widgets. Employee count, upcoming anniversaries, pending approvals.","High","PRX-4","Sprint 10","5","PO","fe","m1-core-hris","dev-fe-1","prx-e3","fe","foundation"
"STY-120","FE: M10 admin shell scaffolding (routes + empty pages)","Task","Wires M10 routes + nav entry. Empty pages ready for Sprint 11 fill.","High","PRX-4","Sprint 10","3","PO","fe","m10-sys-admin","dev-fe-2","prx-e3","fe","foundation"
"STY-121","QA: M1 full regression test suite + automation run","Task","Automate regression. 2-hour CI run. Fail-fast gate to block merge.","Highest","PRX-4","Sprint 10","8","PO","qa","m1-core-hris","qa-1","prx-e3","qa","foundation"
"STY-122","QA: Performance test baseline (k6 scenarios)","Task","Define SLOs: list < 200ms p95, detail < 100ms p95, create < 300ms p95. Baseline run.","High","PRX-4","Sprint 10","5","PO","qa","platform","qa-1","prx-e3","qa","platform"
"STY-123","DES: M1 visual QA pass + polish tickets","Task","Hi-fi vs implementation diff. Log polish tickets. Accessibility contrast verified.","High","PRX-4","Sprint 10","3","PO","des","m1-core-hris","des-1","prx-e3","design","foundation"
"STY-124","BE: Users admin CRUD API (invite/activate/deactivate)","Task","Admin can create users, invite by email, activate, deactivate, reset password.","Highest","PRX-5","Sprint 11","5","PO","be","m10-sys-admin","dev-be-1","prx-e4","be","foundation"
"STY-125","BE: Roles CRUD API + default roles seed","Task","Admin can create custom roles. Seed ships SysAdmin, HRAdmin, Manager, Employee.","Highest","PRX-5","Sprint 11","5","PO","be","m10-sys-admin","dev-be-1","prx-e4","be","foundation"
"STY-126","BE: Permissions matrix API (permissions × roles)","Task","GET/PUT matrix. Granular: module.resource.action. Cached heavily.","Highest","PRX-5","Sprint 11","5","PO","be","m10-sys-admin","dev-be-1","prx-e4","be","foundation"
"STY-127","BE: User-role assignment API (multi-role)","Task","Assign/revoke roles. Permission resolution = union of role permissions.","Highest","PRX-5","Sprint 11","3","PO","be","m10-sys-admin","dev-be-2","prx-e4","be","foundation"
"STY-128","FE: Users admin list + detail pages","Task","List with filters (status, role). Detail shows assigned roles + activity.","Highest","PRX-5","Sprint 11","5","PO","fe","m10-sys-admin","dev-fe-1","prx-e4","fe","foundation"
"STY-129","FE: Role editor (permissions matrix UI)","Task","Matrix UI: rows = permissions, columns = roles. Tri-state checkboxes. Search + group.","Highest","PRX-5","Sprint 11","8","PO","fe","m10-sys-admin","dev-fe-1","prx-e4","fe","foundation"
"STY-130","FE: User create/edit form + invite flow","Task","Form with email, name, role picker. Send invite. Resend invite action.","Highest","PRX-5","Sprint 11","5","PO","fe","m10-sys-admin","dev-fe-2","prx-e4","fe","foundation"
"STY-131","QA: Users/Roles/Permissions test cases","Task","Permission resolution. Custom-role creation. Multi-role user. Deactivated-user access.","Highest","PRX-5","Sprint 11","5","PO","qa","m10-sys-admin","qa-1","prx-e4","qa","foundation"
"STY-132","QA: Permission enforcement across M1 endpoints","Task","Validate that every M1 endpoint honours the permission matrix. ~50 check cases.","Highest","PRX-5","Sprint 11","4","PO","qa","m1-core-hris","qa-1","prx-e4","qa","foundation"
"STY-133","BE: Tenant config endpoints (branding, locale, policies)","Task","Per-tenant settings: logo URL, colors, locale, timezone, password policy, session timeout.","High","PRX-5","Sprint 12","5","PO","be","m10-sys-admin","dev-be-1","prx-e4","be","foundation"
"STY-134","BE: Org chart bulk-edit API (reorder + bulk-move)","Task","Bulk operations with dry-run. Validation for cycles + permission.","High","PRX-5","Sprint 12","5","PO","be","m10-sys-admin","dev-be-1","prx-e4","be","foundation"
"STY-135","BE: Holiday calendar management API","Task","Per-tenant + per-country calendars. CRUD holidays. Recurrence rules.","High","PRX-5","Sprint 12","3","PO","be","m10-sys-admin","dev-be-2","prx-e4","be","foundation"
"STY-136","BE: Notification template management API","Task","Admin-editable templates per event type. Variables supported. Preview endpoint.","High","PRX-5","Sprint 12","3","PO","be","m10-sys-admin","dev-be-2","prx-e4","be","foundation"
"STY-137","FE: Tenant settings page (branding + locale + policies)","Task","Sectioned settings. Preview applied branding. Save triggers config reload.","High","PRX-5","Sprint 12","8","PO","fe","m10-sys-admin","dev-fe-2","prx-e4","fe","foundation"
"STY-138","FE: Org chart admin UI (bulk edit + dry-run preview)","Task","Admin-only view of org chart with drag-to-reorder + bulk-select. Preview before commit.","High","PRX-5","Sprint 12","8","PO","fe","m10-sys-admin","dev-fe-1","prx-e4","fe","foundation"
"STY-139","FE: Holiday calendar admin UI","Task","Calendar view with add/edit/delete. Recurrence rule builder.","High","PRX-5","Sprint 12","5","PO","fe","m10-sys-admin","dev-fe-1","prx-e4","fe","foundation"
"STY-140","FE: Notification template editor (with variable picker)","Task","Rich-text editor with variable tokens. Preview pane.","High","PRX-5","Sprint 12","5","PO","fe","m10-sys-admin","dev-fe-2","prx-e4","fe","foundation"
"STY-141","QA: Tenant config + org admin test cases","Task","Branding roundtrip. Org bulk operations. Holiday calendar. Template preview.","High","PRX-5","Sprint 12","3","PO","qa","m10-sys-admin","qa-1","prx-e4","qa","foundation"
"STY-142","BE: Audit log search + filter + full-text API","Task","Advanced search: actor/action/target/date/keyword. Paginated. Export-safe.","High","PRX-5","Sprint 13","5","PO","be","m10-sys-admin","dev-be-1","prx-e4","be","foundation"
"STY-143","BE: Audit log export API (CSV streaming)","Task","Stream CSV for large ranges. Progress endpoint. Complete-notification email.","High","PRX-5","Sprint 13","3","PO","be","m10-sys-admin","dev-be-1","prx-e4","be","foundation"
"STY-144","BE: Integration registry API (configured integrations)","Task","List/enable/disable integrations. Per-integration config JSON stored encrypted.","High","PRX-5","Sprint 13","5","PO","be","m10-sys-admin","dev-be-2","prx-e4","be","foundation"
"STY-145","BE: Webhook configuration API + dispatcher","Task","Create webhooks for events. Signed payloads. Retry with backoff. Dead-letter queue.","High","PRX-5","Sprint 13","3","PO","be","m10-sys-admin","dev-be-2","prx-e4","be","foundation"
"STY-146","BE: API token management (create/revoke/rotate)","Task","Scoped tokens. Rotation + revoke. Tokens audit-logged.","High","PRX-5","Sprint 13","5","PO","be","m10-sys-admin","dev-be-1","prx-e4","be","foundation"
"STY-147","FE: Audit log dashboard (filters + timeline + drill-down)","Task","Filter panel + timeline + detail pane. Export action. Saved views.","High","PRX-5","Sprint 13","8","PO","fe","m10-sys-admin","dev-fe-1","prx-e4","fe","foundation"
"STY-148","FE: Integrations config page","Task","List of available integrations, per-integration connect flow, status chip.","High","PRX-5","Sprint 13","5","PO","fe","m10-sys-admin","dev-fe-1","prx-e4","fe","foundation"
"STY-149","FE: Webhook configuration UI","Task","Create webhook: event types, URL, signing key. Test-fire action. Delivery log.","High","PRX-5","Sprint 13","5","PO","fe","m10-sys-admin","dev-fe-2","prx-e4","fe","foundation"
"STY-150","FE: API token management UI","Task","List tokens with scope + last-used. Create modal shows token once. Revoke action.","High","PRX-5","Sprint 13","3","PO","fe","m10-sys-admin","dev-fe-2","prx-e4","fe","foundation"
"STY-151","QA: Audit + integrations + webhooks test cases","Task","Audit export integrity. Webhook delivery + retry. Token scope enforcement.","High","PRX-5","Sprint 13","3","PO","qa","m10-sys-admin","qa-1","prx-e4","qa","foundation"
"STY-152","BE: Security review fixes — round 1 (OWASP top 10)","Task","Address findings from internal review. SQL-i, XSS, auth, crypto.","Highest","PRX-5","Sprint 14","8","PO","be","platform","dev-be-1","prx-e4","be","platform"
"STY-153","BE: Performance tuning — hot endpoints + caching","Task","Cache layer for reads. Index tuning. p95 SLOs verified post-fix.","High","PRX-5","Sprint 14","8","PO","be","platform","dev-be-2","prx-e4","be","platform"
"STY-154","FE: Bundle size optimization + tree-shaking audit","Task","Analyse bundle. Remove unused deps. Dynamic import heavy routes.","High","PRX-5","Sprint 14","5","PO","fe","platform","dev-fe-1","prx-e4","fe","platform"
"STY-155","FE: Lazy-loading + route-level code-splitting","Task","Split M1 and M10 into separate bundles. Prefetch on idle.","High","PRX-5","Sprint 14","5","PO","fe","platform","dev-fe-1","prx-e4","fe","platform"
"STY-156","FE: Accessibility (a11y) pass — M1","Task","WCAG 2.1 AA: keyboard nav, screen reader, contrast. Log tickets.","Highest","PRX-5","Sprint 14","5","PO","fe","m1-core-hris","dev-fe-2","prx-e4","fe","foundation"
"STY-157","FE: Accessibility (a11y) pass — M10","Task","Same scope for M10.","Highest","PRX-5","Sprint 14","5","PO","fe","m10-sys-admin","dev-fe-2","prx-e4","fe","foundation"
"STY-158","QA: Full regression run round 1 + defect report","Task","Full automated + manual regression. Burn-down plan for any reds.","Highest","PRX-5","Sprint 14","8","PO","qa","platform","qa-1","prx-e4","qa","platform"
"STY-159","DEVOPS: Staging perf baseline + SLO report","Task","Run perf suite in staging. Compare to SLOs. Gate decision for P5.","High","PRX-5","Sprint 14","3","PO","devops","platform","dev-be-2","prx-e4","devops","platform"
"STY-160","BE: Load testing scenarios + k6 scripts","Task","Design: steady load, spike, soak, stress. Scripts per scenario. Baseline captured.","Highest","PRX-6","Sprint 15","5","PO","be","platform","dev-be-1","prx-e5","be","platform"
"STY-161","BE: Load-test fixes + scaling policy tuning","Task","Address bottlenecks from load run. HPA tuning. Connection-pool sizing.","Highest","PRX-6","Sprint 15","5","PO","be","platform","dev-be-2","prx-e5","be","platform"
"STY-162","BE: Security scan fixes (OWASP + CVE backlog)","Task","All critical + high findings resolved. Report archived.","Highest","PRX-6","Sprint 15","8","PO","be","platform","dev-be-1","prx-e5","be","platform"
"STY-163","BE: Secrets rotation + vault setup","Task","All secrets in vault. Rotation policy documented. No hardcoded secrets.","Highest","PRX-6","Sprint 15","5","PO","be","platform","dev-be-2","prx-e5","be","platform"
"STY-164","BE: DR backup + restore testing","Task","Full restore drill from backup into clean env. Documented RTO/RPO.","Highest","PRX-6","Sprint 15","5","PO","be","platform","dev-be-1","prx-e5","be","platform"
"STY-165","FE: XSS/CSRF hardening audit","Task","Audit render paths. Content-Security-Policy + SameSite cookies + CSRF tokens.","Highest","PRX-6","Sprint 15","5","PO","fe","platform","dev-fe-1","prx-e5","fe","platform"
"STY-166","FE: CSP headers + SRI for external scripts","Task","CSP tuned to production needs. SRI for any CDN-loaded scripts.","High","PRX-6","Sprint 15","3","PO","fe","platform","dev-fe-2","prx-e5","fe","platform"
"STY-167","DEVOPS: DR runbook + full DR drill","Task","Runbook published. Full drill executed. Lessons captured.","Highest","PRX-6","Sprint 15","5","PO","devops","platform","dev-be-2","prx-e5","devops","platform"
"STY-168","QA: Load-test results + signoff report","Task","Report to TL+PO with SLO compliance. Sign-off gate.","Highest","PRX-6","Sprint 15","3","PO","qa","platform","qa-1","prx-e5","qa","platform"
"STY-169","BE: Pen-test fixes — critical severity","Task","Address all critical findings from pen-test report. Re-test gate.","Highest","PRX-6","Sprint 16","8","PO","be","platform","dev-be-1","prx-e5","be","platform"
"STY-170","BE: Pen-test fixes — major severity","Task","Address all major findings. Re-test.","Highest","PRX-6","Sprint 16","5","PO","be","platform","dev-be-2","prx-e5","be","platform"
"STY-171","BE: Pen-test fixes — minor + hardening","Task","Address minor findings + defence-in-depth extras.","High","PRX-6","Sprint 16","3","PO","be","platform","dev-be-1","prx-e5","be","platform"
"STY-172","BE: Data migration script — employees","Task","Script ingest from legacy/source system. Dry-run mode. Validation report.","Highest","PRX-6","Sprint 16","5","PO","be","m1-core-hris","dev-be-2","prx-e5","be","foundation"
"STY-173","BE: Data migration script — org structure + positions","Task","Same as above for org/positions. Reference mapping preserved.","Highest","PRX-6","Sprint 16","3","PO","be","m1-core-hris","dev-be-2","prx-e5","be","foundation"
"STY-174","BE: Data migration script — contracts + documents","Task","Same as above. Document upload batching. ACL preserved.","Highest","PRX-6","Sprint 16","3","PO","be","m1-core-hris","dev-be-1","prx-e5","be","foundation"
"STY-175","BE: Data migration dry-run 1 (staging)","Task","Full dry-run in staging with anonymized prod extract. Defect list.","Highest","PRX-6","Sprint 16","5","PO","be","platform","dev-be-2","prx-e5","be","platform"
"STY-176","BE: Data migration dry-run 2 (staging, post-fix)","Task","Second dry-run after dry-run-1 fixes. Target: zero-defect.","Highest","PRX-6","Sprint 16","5","PO","be","platform","dev-be-1","prx-e5","be","platform"
"STY-177","QA: Pen-test fix verification","Task","Verify every pen-test finding is closed. Re-test in dry-run env.","Highest","PRX-6","Sprint 16","5","PO","qa","platform","qa-1","prx-e5","qa","platform"
"STY-178","QA: Migration dry-run verification + checksums","Task","Row counts, checksums, referential integrity. Report to PO.","Highest","PRX-6","Sprint 16","3","PO","qa","platform","qa-1","prx-e5","qa","platform"
"STY-179","PO: UAT scenarios drafted (happy + edge paths)","Task","~30 scenarios covering key workflows. Signed off with HR Ops.","Highest","PRX-6","Sprint 17","5","PO","po","platform","po","prx-e5","po","qa"
"STY-180","PO: UAT test data prepared (anonymized + seeded)","Task","Seeded accounts + test users + happy data. Credentials pack for UAT users.","Highest","PRX-6","Sprint 17","3","PO","po","platform","po","prx-e5","po","qa"
"STY-181","PO: UAT stakeholder onboarding session","Task","1-hour session walking UAT users through scope + tools + defect reporting.","Highest","PRX-6","Sprint 17","3","PO","po","platform","po","prx-e5","po",""
"STY-182","QA: UAT test plan (scoring rubric + defect flow)","Task","Plan: scope, entry/exit criteria, defect flow, reporting cadence.","Highest","PRX-6","Sprint 17","5","PO","qa","platform","qa-1","prx-e5","qa","platform"
"STY-183","QA: UAT environment smoke test + seeding","Task","UAT env ready. All scenarios run smoke once. Fixtures loaded.","Highest","PRX-6","Sprint 17","3","PO","qa","platform","qa-1","prx-e5","qa","platform"
"STY-184","BE: Hotfix pipeline + feature-flag framework","Task","Separate hotfix branch + pipeline. Feature flags for risky toggles.","High","PRX-6","Sprint 17","5","PO","be","platform","dev-be-1","prx-e5","be","platform"
"STY-185","FE: In-app help + user guide content (embedded)","Task","Contextual help tooltips + link to guide page. Content drafted with PO.","High","PRX-6","Sprint 17","3","PO","fe","platform","dev-fe-1","prx-e5","fe","platform"
"STY-186","DEVOPS: Production environment hardening","Task","TLS + WAF + DDoS + WAF rules. Backup + monitoring + on-call paging. RTO/RPO verified.","Highest","PRX-6","Sprint 17","3","PO","devops","platform","dev-be-2","prx-e5","devops","platform"
"STY-187","QA: UAT round 1 — execution + defect intake","Task","Run all scenarios with UAT users. Log defects daily. Triage twice-daily.","Highest","PRX-7","Sprint 18","5","PO","qa","platform","qa-1","prx-e6","qa","platform"
"STY-188","QA: UAT round 1 — defect triage + assignment","Task","Triage with TL+PO. Severity + priority. Assign to sprint.","Highest","PRX-7","Sprint 18","5","PO","qa","platform","qa-1","prx-e6","qa","platform"
"STY-189","BE: UAT round 1 — fixes backlog burndown","Task","Absorb top-priority defects into sprint. Fix + deploy hotfix pipeline.","Highest","PRX-7","Sprint 18","8","PO","be","platform","dev-be-1","prx-e6","be","platform"
"STY-190","FE: UAT round 1 — fixes backlog burndown","Task","Same for FE defects.","Highest","PRX-7","Sprint 18","8","PO","fe","platform","dev-fe-1","prx-e6","fe","platform"
"STY-191","PO: Stakeholder feedback synthesis + go/no-go R1","Task","Synthesize qualitative feedback. Decision: proceed to R2 or pause.","Highest","PRX-7","Sprint 18","3","PO","po","platform","po","prx-e6","po","uat"
"STY-192","DES: UX tweaks from UAT — high-impact only","Task","Urgent UX tweaks identified from R1. Capped at low-effort changes.","High","PRX-7","Sprint 18","1","PO","des","platform","des-1","prx-e6","design","uat"
"STY-193","QA: UAT round 2 — execution + regression","Task","Re-run scenarios post-R1 fixes. Add new scenarios identified in R1.","Highest","PRX-7","Sprint 19","5","PO","qa","platform","qa-1","prx-e6","qa","platform"
"STY-194","BE: UAT round 2 — fixes","Task","Absorb R2 defect backlog.","Highest","PRX-7","Sprint 19","5","PO","be","platform","dev-be-2","prx-e6","be","platform"
"STY-195","FE: UAT round 2 — fixes","Task","Same for FE.","Highest","PRX-7","Sprint 19","5","PO","fe","platform","dev-fe-2","prx-e6","fe","platform"
"STY-196","PO: Training content — admin users (M10)","Task","Admin training deck + video walkthroughs. Reviewed by Sabry + HR Ops.","High","PRX-7","Sprint 19","5","PO","po","platform","po","prx-e6","po","training"
"STY-197","PO: Training content — end users (M1)","Task","End-user quick-start + deep-dive content. Printable + web format.","High","PRX-7","Sprint 19","5","PO","po","platform","po","prx-e6","po","training"
"STY-198","DES: Training visuals (screenshots + diagrams)","Task","Brand-compliant visuals for training materials.","High","PRX-7","Sprint 19","3","PO","des","platform","des-1","prx-e6","design","training"
"STY-199","PO: Training pilot session (dry run)","Task","Dry-run training with 5 pilot users. Feedback → content tweaks.","High","PRX-7","Sprint 19","2","PO","po","platform","po","prx-e6","po","training"
"STY-200","QA: UAT round 3 — final regression + acceptance","Task","Final regression. UAT sign-off gate. Residual-defect list.","Highest","PRX-7","Sprint 20","5","PO","qa","platform","qa-1","prx-e6","qa","platform"
"STY-201","BE: UAT round 3 — final fixes","Task","Only P0/P1 defects in scope. Everything else moves to backlog.","Highest","PRX-7","Sprint 20","5","PO","be","platform","dev-be-1","prx-e6","be","platform"
"STY-202","FE: UAT round 3 — final fixes","Task","Same for FE.","Highest","PRX-7","Sprint 20","5","PO","fe","platform","dev-fe-1","prx-e6","fe","platform"
"STY-203","DEVOPS: Cutover rehearsal 1 (staging-as-prod)","Task","Full rehearsal in staging mimicking prod scale. Timed. Runbook refined.","Highest","PRX-7","Sprint 20","5","PO","devops","platform","dev-be-2","prx-e6","devops","platform"
"STY-204","DEVOPS: Cutover rehearsal 2 (full team)","Task","Second rehearsal with full team participation. Final runbook + rollback plan.","Highest","PRX-7","Sprint 20","5","PO","devops","platform","dev-be-2","prx-e6","devops","platform"
"STY-205","QA: Final regression run + exit-criteria report","Task","Automated regression green. Manual smoke complete. Exit-criteria report to PO.","Highest","PRX-7","Sprint 20","3","PO","qa","platform","qa-1","prx-e6","qa","platform"
"STY-206","PO: Go/no-go readiness review","Task","Review with steerco. Go/no-go decision for 14-Mar go-live.","Highest","PRX-7","Sprint 20","2","PO","po","platform","po","prx-e6","po",""
"STY-207","BE: Last-mile fixes + production config freeze","Task","Final P0 bugs. Production config reviewed + frozen.","Highest","PRX-8","Sprint 21","5","PO","be","platform","dev-be-1","prx-e7","be","platform"
"STY-208","FE: Last-mile fixes + production build verified","Task","Final P0 UI bugs. Production build tested end-to-end.","Highest","PRX-8","Sprint 21","5","PO","fe","platform","dev-fe-1","prx-e7","fe","platform"
"STY-209","DEVOPS: Production deployment checklist","Task","Step-by-step deploy checklist. All owners named. Comms plan attached.","Highest","PRX-8","Sprint 21","3","PO","devops","platform","dev-be-2","prx-e7","devops","platform"
"STY-210","DEVOPS: Rollback plan + rehearsal","Task","Document rollback to previous state. Rehearse rollback in staging. Timed.","Highest","PRX-8","Sprint 21","5","PO","devops","platform","dev-be-2","prx-e7","devops","platform"
"STY-211","PO: Go-live comms plan (internal + external)","Task","Internal announcement + customer-facing comms. Scheduled sends.","High","PRX-8","Sprint 21","3","PO","po","platform","po","prx-e7","po","cutover"
"STY-212","PO: Day-1 support war-room setup (rota + channels)","Task","On-call rota, war-room channel, escalation matrix, status-page plan.","Highest","PRX-8","Sprint 21","2","PO","po","platform","po","prx-e7","po","cutover"
"STY-213","QA: Final smoke test suite (go/no-go gate)","Task","Critical-path smoke suite. Run against prod post-deploy.","Highest","PRX-8","Sprint 21","2","PO","qa","platform","qa-1","prx-e7","qa","platform"
"STY-214","DEVOPS: Production cutover — execute deployment","Task","Execute checklist on 14-Mar. All-hands war-room. Real-time comms.","Highest","PRX-8","Sprint 22","8","PO","devops","platform","dev-be-2","prx-e7","devops","platform"
"STY-215","DEVOPS: DNS + traffic cutover","Task","DNS flip + traffic verified. Cache warmed. Watch dashboards.","Highest","PRX-8","Sprint 22","3","PO","devops","platform","dev-be-1","prx-e7","devops","platform"
"STY-216","QA: Post-cutover smoke tests (prod)","Task","Full smoke in prod. Any red = immediate escalation.","Highest","PRX-8","Sprint 22","3","PO","qa","platform","qa-1","prx-e7","qa","platform"
"STY-217","BE: Day-1 hotfix support (on-call)","Task","On-call rota. Respond to P0 within 15 min, P1 within 2 h.","Highest","PRX-8","Sprint 22","5","PO","be","platform","dev-be-1","prx-e7","be","platform"
"STY-218","FE: Day-1 hotfix support (on-call)","Task","Same for FE.","Highest","PRX-8","Sprint 22","3","PO","fe","platform","dev-fe-1","prx-e7","fe","platform"
"STY-219","PO: Go-live retrospective (what went well / improve)","Task","Retro with full team + stakeholders. Lessons logged + fed into Phase-2 plan.","High","PRX-8","Sprint 22","3","PO","po","platform","po","prx-e7","po","retro"
